created_at,id_str,full_text,quote_count,reply_count,retweet_count,favorite_count,lang,user_id_str,conversation_id_str,username,tweet_url
Tue Oct 24 23:59:21 +0000 2023,1716967647034982853,@psi_id @kaesangp @prabowo @gibran_tweet Memang mungkin hrs lebih lucu... Negeri ini kayaknya gk maju2 karena terlalu serius.... TERLALU SERIUS MIKIRIN PERUT &amp  ISI OTAKNYA MASING2... üòÑüòÑ,0,0,0,0,in,1622105805783977984,1716772382436917270,goestanto1970,https://twitter.com/goestanto1970/status/1716967647034982853
Tue Oct 24 23:58:49 +0000 2023,1716967512506765563,"@Uki23 @psi_id @Gerindra Walaupun ane pendukung AMIN, ane kasih masukan nickname buat klen..  Prabu BranI Prabowo Gibran u/ Indonesia",0,0,0,0,in,1725556034,1716806806402691312,Bro_Lucky86,https://twitter.com/Bro_Lucky86/status/1716967512506765563
Tue Oct 24 23:58:43 +0000 2023,1716967486485397796,"@GosongImam @Chaves1305 @gibran_tweet @prabowo kita omongin waktu yg sekarang, momentumnya tepat. Bapaknya masih punya pendukung fanatik dan maaih punya nilai jual.",0,0,0,0,in,278461022,1716657908228968935,askencana,https://twitter.com/askencana/status/1716967486485397796
Tue Oct 24 23:58:41 +0000 2023,1716967481078948237,"Serius nanya.. Kalau diundang peresmian kantor media kami https://t.co/XcMHoW3Cq1 di Mojokerto, kira-kira Pak @prabowo Mas @gibran_tweet dan Kak @kaesangp berkenan hadir ya?  #gibran #prabowo #kaesang #seriusnanya",0,0,0,0,in,1478569118869590017,1716967481078948237,andywartawan,https://twitter.com/andywartawan/status/1716967481078948237
Tue Oct 24 23:58:31 +0000 2023,1716967439093973066,Bersih-bersih rumah sambil liat proses pendaftaran Capres Cawapres Prabowo - Gibran ke KPUüòÖ @prabowo @gibran_tweet @Gerindra https://t.co/WZanGlKktr,0,2,0,0,in,1453141235904880641,1716967439093973066,nikmatul_resa,https://twitter.com/nikmatul_resa/status/1716967439093973066
Tue Oct 24 23:58:13 +0000 2023,1716967363608969684,@TeddGus @prabowo @gibran_tweet Awokwokwok...  PASGEDUBRAK.,0,0,0,0,in,1603374160503541760,1716964781121536477,taliwongsooo,https://twitter.com/taliwongsooo/status/1716967363608969684
Tue Oct 24 23:57:37 +0000 2023,1716967210298839320,@TeddGus @prabowo @ganjarpranowo @gibran_tweet Segala dalih d gunakan untk anak paduka....,0,0,0,0,in,1587727945065299971,1716667760988885320,AdHidayat1314,https://twitter.com/AdHidayat1314/status/1716967210298839320
Tue Oct 24 23:57:29 +0000 2023,1716967179047096452,@KemensetnegRI @__AnakKolong @Aryprasetyo85 @cakimiNOW @democrazymedia @ganjarpranowo @mohmahfudmd @gibran_tweet @prabowo @JubirPresidenRI https://t.co/bIaobTbZ0D @erickthohir @ruhutsitompul @kaesangp @aniesbaswedan @dhemit_is_back @KerjaHasil_id @puanmaharani_ri @KSPgoid @PolhukamRI @Puspen_TNI https://t.co/ixBm16e9Ob,0,0,0,0,qme,1603571644030939136,1716755205373808794,66Maxmara,https://twitter.com/66Maxmara/status/1716967179047096452
Tue Oct 24 23:57:06 +0000 2023,1716967081466569201,"@TeddGus @prabowo @gibran_tweet Partai gurem yah bisanya cuma  seperti ini, murah meriah. üòõüòõ",0,0,0,0,in,1619762393223139328,1716964781121536477,rajajeplak,https://twitter.com/rajajeplak/status/1716967081466569201
Tue Oct 24 23:57:03 +0000 2023,1716967068007055654,"Pilihan mayoritas pendukungnya jika Anies-Imin gugur di P1, memang hanya di PS-Gibran. Sebab pada dasarnya, fans Anies umumnya juga mengidolakan Prabowo dan Gibran.  Apalagi kemungkinan besar Anies dan Imin yg akan menggiring pendukungnya ke PS-Gibran.",0,1,2,5,in,2651176428,1716967068007055654,Jhonkosmik,https://twitter.com/Jhonkosmik/status/1716967068007055654
Tue Oct 24 23:56:48 +0000 2023,1716967005147042285,"@TeddGus @gibran_tweet @prabowo Ya  pastilah disembunyikan rapat rapat....karena perilaku Jokowi itu aib ...tapi bagaimanapun   busuk tetap busuk...sekarang terpampang jelas kelakuan satu keluarga itu....Dan kalau anda mendukungnya, artinya anda memang setuju dgn cara  cara seperti itu..üòÄ",0,0,0,0,in,1430363779175391237,1715922521936248919,megapand137,https://twitter.com/megapand137/status/1716967005147042285
Tue Oct 24 23:56:16 +0000 2023,1716966869364855103,"@PandamPamungkas @gibran_tweet Kenapa ditarik? Yang udah jelas gak mau lawan pak prabowo di pilpres aja skrg udah jadi lawannya pak prabowo (anis). Kalo vidio ini kan mengajak aja, kalo gak mau milih ya gapapa tho. Sah sah aja",0,0,0,0,in,1482213966298624001,1716796229508891018,nurazizahds,https://twitter.com/nurazizahds/status/1716966869364855103
Tue Oct 24 23:56:03 +0000 2023,1716966818412404884,Pak Prabowo menghadiri Konser Pilpres Santuy Partai Solidaritas Indonesia (PSI)ü§ó  #gibranrakabuming #gibranrakabumingraka #relawangibran #gibran #relawanbolonemase #relawangibranrakabumingraka #prabowogibran2024 #pilpres2024 https://t.co/zqQNCIjESl,0,1,0,1,in,1672937381861916674,1716966818412404884,bolonemase,https://twitter.com/bolonemase/status/1716966818412404884
Tue Oct 24 23:55:57 +0000 2023,1716966792034439432,"hari ini berangkat sengaja lebih pagi, soalnya pasti sekitaran tugu tani macet pol efek prabowo-gibran daftar ke kpu -.-",0,0,0,0,in,993509113001791489,1716966792034439432,namirrrrrrr,https://twitter.com/namirrrrrrr/status/1716966792034439432
Tue Oct 24 23:55:53 +0000 2023,1716966774489694387,Pak Prabowo menghadiri Konser Pilpres Santuy Partai Solidaritas Indonesia (PSI)ü§ó  #gibranrakabuming #gibranrakabumingraka #relawangibran #gibran #relawanbolonemase #relawangibranrakabumingraka #prabowogibran2024 #pilpres2024 https://t.co/USavmnLKIz,0,0,0,0,in,1681925878329278465,1716966774489694387,RBolonemase,https://twitter.com/RBolonemase/status/1716966774489694387
Tue Oct 24 23:55:13 +0000 2023,1716966608663711755,"@OliviaCath1540 @prabowo @gibran_tweet Bapaknya aj gk berhasil mencabut skb menteri doank pdhl UU 80 biji bisa dikebut pakai umnibuslaw. Pilih capres bebas aj jangan bawa2 isu agama deh, gk sesuai kenyataan tuh",0,1,0,1,in,473678966,1716773955766550997,kadal15,https://twitter.com/kadal15/status/1716966608663711755
Tue Oct 24 23:55:11 +0000 2023,1716966597892645261,@TeddGus @prabowo @ganjarpranowo @gibran_tweet Wong gak mau kok di paksa2 kalau kader yg ABS seperti yg rambut putih pasti mau lah kan petugas partai bukan petugas parkir ?,0,0,0,0,in,884249371839049728,1716667760988885320,abdul_waringin,https://twitter.com/abdul_waringin/status/1716966597892645261
Tue Oct 24 23:54:47 +0000 2023,1716966499733348528,Denny JA: Kultur Politik Generasi Mileneal Warnai Pilpres 2024: PSI Dukung Prabowo-Gibran https://t.co/Tw8tvEK9bs,0,0,1,1012,in,194083131,1716966499733348528,DennyJA_WORLD,https://twitter.com/DennyJA_WORLD/status/1716966499733348528
Tue Oct 24 23:54:03 +0000 2023,1716966314424885714,Keraguan publik akan kemampuan Wali Kota Solo Gibran Rakabuming Raka setelah ditunjuk menjadi cawapres Prabowo Subianto tampaknya akan segera hilang setelah melihat berbagai tokoh yang akan menjadi mentor politik di belakangnya.  https://t.co/28BSnZzb3X,0,0,0,0,in,798770586784702464,1716966314424885714,pinterpolitik,https://twitter.com/pinterpolitik/status/1716966314424885714
Tue Oct 24 23:53:30 +0000 2023,1716966174377037953,@istomcool @prabowo @gibran @alextham878 @Lembayung071 @Ndaxwz @Minietweets_ @mpoklela7 @bengkeldodo @Kimberley_2024 @Chaves1305 @are_inismyname @genx36545403 Baru tahu kalo kamu salah ya? üòÖü§£  Kamu jangan ngomong culik ntar di kemplang pak @mohmahfudmd lho kan beliau 2014 Ketua tim pemenangan ayah #Prabowo  Pak @ganjarpranowo buzzernya kasih penatatan dong biar cerdas dikit ü§£,0,0,0,1,in,1189039138835554304,1716706277362110479,BANGSAygSUJUD,https://twitter.com/BANGSAygSUJUD/status/1716966174377037953
Tue Oct 24 23:53:24 +0000 2023,1716966149634883867,"@Gerindra P Mindra, aku mimpi tadi malem pak Prabowo gendong Mas Gibran ke KPU dan pakai Jaket cakep bener üòç",0,0,0,2,in,1385178116818051073,1716816188142244289,YossiHSB,https://twitter.com/YossiHSB/status/1716966149634883867
Tue Oct 24 23:52:59 +0000 2023,1716966045901328617,AMPI Dukung Penuh hasil Rapimnas Golkar yang mengesahkan Gibran Rakabuming Raka sebagai Cawapres mendampingi Capres Letjen TNI Purn. Prabowo Subianto. #partaigolkar  #golkarpedia #airlanggahartarto #golkarprabowo #gibranmasukgolkar #jerrysambuaga https://t.co/k4xbDWVzK7,0,0,1,1,in,1576559606083424256,1716966045901328617,Golkar_News,https://twitter.com/Golkar_News/status/1716966045901328617
Tue Oct 24 23:52:43 +0000 2023,1716965979518112201,"Merespon sikap @prima_or_id yang akhirnya masuk kedalam Koalisi Indonesia Maju, serta mendukung Prabowo dan Gibran sebagai capres dan cawapres 2024.  Saya mendukung penuh jalan partai, walupun sekarang belum bisa menjadi bagian dari mereka secara penuh. #MenangkanPancasila",0,0,0,0,in,1654876976526815238,1716965979518112201,turahlaksmana67,https://twitter.com/turahlaksmana67/status/1716965979518112201
Tue Oct 24 23:52:43 +0000 2023,1716965979060944951,"Pak Benny, Kalau kesalahan terbesar MK itu menguntungkan bagi kelompoknya, boleh. Itulah sebabnya Demokrat tetap dukung Pak Prabowo dan KIM. Selamat bekerjasama dg Pak Gibran ya. Kami monitor. (Sembari kentut)",0,0,0,0,in,178647951,1716965979060944951,ekokusumawijaya,https://twitter.com/ekokusumawijaya/status/1716965979060944951
Tue Oct 24 23:52:12 +0000 2023,1716965846810337454,@TeddGus @prabowo @ganjarpranowo @gibran_tweet Itu sumbernya dari mana kok gak jelas sumber beritanyaüòÄüòÄüòÄ,0,0,0,0,in,482542178,1716667760988885320,MubarokAsymuni,https://twitter.com/MubarokAsymuni/status/1716965846810337454
Tue Oct 24 23:52:05 +0000 2023,1716965819039793424,"Pilpres 2024: Prabowo-Gibran akan daftar KPU, elektabilitasnya ... - https://t.co/4EGDEC51ax https://t.co/lOPFsp1XKQ #Jokowinomics #BersamaPrabowo #MenataMasaDepan",0,0,4,0,in,617714874,1716965819039793424,ParisMaeP,https://twitter.com/ParisMaeP/status/1716965819039793424
Tue Oct 24 23:52:01 +0000 2023,1716965803428560967,BREAKING NEWS - Deklarasi Prabowo-Gibran Jadi Capres-Cawapres 2024  https://t.co/0T06FbxsMD https://t.co/KbHoHlzWiY https://t.co/QexyXi6uET,0,5,4,7,in,71436318,1716965803428560967,KompasTV,https://twitter.com/KompasTV/status/1716965803428560967
Tue Oct 24 23:51:42 +0000 2023,1716965721383817687,@CyrelManusama @TeddGus @gibran_tweet @prabowo Wkwkwk Pinjam Dulu Seratus itu WANABUD broü§£ü§£. Unta GurunüòÅü§¶,0,0,0,0,in,1384479396992458752,1715922521936248919,arcelio_jk,https://twitter.com/arcelio_jk/status/1716965721383817687
Tue Oct 24 23:51:40 +0000 2023,1716965713678864505,@idextratime DODO,0,0,0,0,pl,1258411680754589697,1716931719050494136,sauki084,https://twitter.com/sauki084/status/1716965713678864505
Tue Oct 24 23:51:34 +0000 2023,1716965689146400778,Prabowo Senang Jika Gibran Tetap Jadi Kader PDIP https://t.co/bOTHdIYoZV #beritajogja #jogja #jogjaistimewa https://t.co/wFu3vAknDt,0,0,0,1,in,118371948,1716965689146400778,Harian_Jogja,https://twitter.com/Harian_Jogja/status/1716965689146400778
Tue Oct 24 23:51:34 +0000 2023,1716965686592012482,Awas Macet! Hindari Jalan Ini Saat Prabowo-Gibran Daftar ke KPU https://t.co/L7Dp8esTGv,0,0,0,0,in,456426648,1716965686592012482,merdekadotcom,https://twitter.com/merdekadotcom/status/1716965686592012482
Tue Oct 24 23:51:25 +0000 2023,1716965651976458553,"Kemarin Prabowo - Gibran 55%, sekarang 41% Kemarin Anies - Amin 24%, sekarang 31%",0,4,6,18,in,1133771937061134336,1716965651976458553,axdwin,https://twitter.com/axdwin/status/1716965651976458553
Tue Oct 24 23:50:36 +0000 2023,1716965444953997714,Perjalanan Prabowo-Gibran daftar ke KPU dimulai sapa relawan di GBK - Antara Banten https://t.co/SnWLCiszQT #Jokowinomics #MenataMasaDepan #PrabowoPetugasRakyat,0,0,10,0,in,4580053393,1716965444953997714,KasimS3654,https://twitter.com/KasimS3654/status/1716965444953997714
Tue Oct 24 23:50:36 +0000 2023,1716965444849197557,Perjalanan Prabowo-Gibran daftar ke KPU dimulai sapa relawan di GBK - Antara Banten https://t.co/OwV9XDU0EN #Jokowinomics #MenataMasaDepan #PrabowoPetugasRakyat,0,0,10,0,in,4195501453,1716965444849197557,mehuli_ginting,https://twitter.com/mehuli_ginting/status/1716965444849197557
Tue Oct 24 23:50:36 +0000 2023,1716965444345888889,Perjalanan Prabowo-Gibran daftar ke KPU dimulai sapa relawan di GBK - Antara Banten https://t.co/aqs9zyxJv9 #Jokowinomics #MenataMasaDepan #PrabowoPetugasRakyat,0,0,10,0,in,2420416704,1716965444345888889,NegarakuApa,https://twitter.com/NegarakuApa/status/1716965444345888889
Tue Oct 24 23:50:30 +0000 2023,1716965419242926262,"Prabowo-Gibran bakal mendeklarasi diri maju di Pilpres 2024 dan mendaftar ke Komisi Pemilihan Umum (KPU) hari ini, elektabilitasnya untung atau buntung? https://t.co/kPlmdBBHiv",1,2,0,3,in,23772644,1716965419242926262,BBCIndonesia,https://twitter.com/BBCIndonesia/status/1716965419242926262
Tue Oct 24 23:50:06 +0000 2023,1716965319905042539,@BANGSAygSUJUD @prabowo @gibran @alextham878 @Lembayung071 @Ndaxwz @Minietweets_ @mpoklela7 @bengkeldodo @Kimberley_2024 @Chaves1305 @are_inismyname @genx36545403 Tukang culik. Sekarang baru tau yg sebenarnya.,0,1,0,0,in,731749886731816960,1716706277362110479,istomcool,https://twitter.com/istomcool/status/1716965319905042539
Tue Oct 24 23:49:47 +0000 2023,1716965239139557412,@SiaranBolaLive Mantap juga viniciusüî•,0,0,0,0,in,1258411680754589697,1716939800236990836,sauki084,https://twitter.com/sauki084/status/1716965239139557412
Tue Oct 24 23:49:45 +0000 2023,1716965231522619775,"@ch_chotimah2 @aniesbaswedan @didilionrich Pasukan Ganjar udah mulai panik suaranya di ambil Gibran,suara pak Prabowo ke pak Anies heee",0,0,0,0,in,1469132129606852610,1716699409080254532,Mustopa41241358,https://twitter.com/Mustopa41241358/status/1716965231522619775
Tue Oct 24 23:49:04 +0000 2023,1716965058906136859,"@bucha76 @jayacand @narkosun lah MK cuma nolak gugatan musuh2 politik Prabowo Gibran, mana ada mengubah UU ???",0,1,0,0,in,1562739542595366913,1716728296409596404,Tkang_amatiran,https://twitter.com/Tkang_amatiran/status/1716965058906136859
Tue Oct 24 23:49:03 +0000 2023,1716965054573429203,"@EdiTengik @narkosun Semenjak orang2 ramai bicara presiden '24..... Sy pribadi udah minta pada TUHAN...presiden'24 dan wapres'24..,PRABOWO dan gibran.       sy pembangunan diera pemerintah JOKOWI bisa berlanjut.",0,0,0,0,in,1510136419796533250,1716739926669275247,BudiSps,https://twitter.com/BudiSps/status/1716965054573429203
Tue Oct 24 23:49:02 +0000 2023,1716965049280168039,"Para pimpinan @prima_or_id sudah pasti memiliki hitung-hitungan soal mendukung @prabowo dan @gibran_tweet sebagai capres dan cawapres.  Terkadang para pimpinan ada dipersimpangan jalan, diantara memilih fokus pada jalur perjuangan atau masuk kekuasaan dan merubahnya dari dalam.",0,0,0,0,in,1654876976526815238,1716965049280168039,turahlaksmana67,https://twitter.com/turahlaksmana67/status/1716965049280168039
Tue Oct 24 23:48:28 +0000 2023,1716964906577338867,"Mantap juga kalo 62 punya Wapres yg ceria kek Cak Imin ini, üí™üèºüí™üèº. . Prabowo - Gibran adalah jawaban masa depan Indonesia üáÆüá©  . #AMINAjaDulu",0,1,0,1,in,1303591300290080768,1716964906577338867,CVNKJL,https://twitter.com/CVNKJL/status/1716964906577338867
Tue Oct 24 23:48:16 +0000 2023,1716964858405728460,@OliviaCath1540 @prabowo @gibran_tweet Haa ngmong ap sig,0,0,0,0,tl,1411849003965112321,1716773955766550997,Wayyujii,https://twitter.com/Wayyujii/status/1716964858405728460
Tue Oct 24 23:47:55 +0000 2023,1716964771348820304,@Projo_Pusat @jokowi @prabowo @gibran_tweet @KPU_ID @RcyberProj0 https://t.co/SNZ8MvQ7GW  Ternyata Haus kekuasaan..ü§¶‚Äç‚ôÄÔ∏èü§¶‚Äç‚ôÄÔ∏èü§¶‚Äç‚ôÄÔ∏è  Tertipu..,0,0,0,0,in,1306951146527883266,1716844092808986748,Pejuang_Rupiah8,https://twitter.com/Pejuang_Rupiah8/status/1716964771348820304
Tue Oct 24 23:47:45 +0000 2023,1716964729267335364,BREAKING NEWS: Hari Ini Duet Prabowo Subianto-Gibran Rakabuming Raka Daftar ke KPU https://t.co/ZyfYnrtw5d,0,0,0,0,in,1426591205089898503,1716964729267335364,kabarfajar,https://twitter.com/kabarfajar/status/1716964729267335364
Tue Oct 24 23:47:13 +0000 2023,1716964593573167509,@Gojokaisen86 @info_beragam Kita tunggu saja program kerja yang akan diuraikan oleh pak prabowo dan mas gibran dalam debat pemilu nanti,0,0,0,0,in,2170027031,1716635631538081977,kingslandsjay,https://twitter.com/kingslandsjay/status/1716964593573167509
Tue Oct 24 23:47:08 +0000 2023,1716964573469958530,@gibran_tweet PCC dimana gib,0,0,0,0,in,1258411680754589697,1716803138957803762,sauki084,https://twitter.com/sauki084/status/1716964573469958530
Tue Oct 24 23:46:55 +0000 2023,1716964517341769800,@jajatplus @CNNIndonesia ahy kan udh satu koalisi dgn Pak Prabowo &amp  Mas Gibran,0,0,0,0,in,442350542,1716719926197789155,MMiftahBS__,https://twitter.com/MMiftahBS__/status/1716964517341769800
Tue Oct 24 23:46:46 +0000 2023,1716964482700976499,"Hari ini excited karna PAY DAY! Tapi lebih excited lagi karna Pak Prabowo dan Gibran mau daftar Ke KPU siang nanti, semogaa lancar Aamiin @Gerindra üôèü´∂üèªü´∂üèª",0,1,0,0,in,1684455179473887232,1716964482700976499,jennieishereee,https://twitter.com/jennieishereee/status/1716964482700976499
Tue Oct 24 23:46:34 +0000 2023,1716964430993641714,@psi_id @kaesangp @prabowo @gibran_tweet Mencla-mencle......pretttt https://t.co/mz7F8xNcNO,0,0,0,0,es,1273292151443472384,1716772382436917270,Sakdullah15,https://twitter.com/Sakdullah15/status/1716964430993641714
Tue Oct 24 23:46:33 +0000 2023,1716964426761580687,"@Gojokaisen86 @SudaryonoSudar @prabowo @gibran_tweet Menurut ku karena pak prabowo mau beda sendiri sih makanya nilai elektabilitas pemilu nya jadi yang tertinggi, apalagi dengan memasangkan dirinya dengan mas gibran akan menjadi poin plus tersendiri",0,0,0,0,in,2170027031,1716756427576848784,kingslandsjay,https://twitter.com/kingslandsjay/status/1716964426761580687
Tue Oct 24 23:46:05 +0000 2023,1716964310356996502,"@rahmani_ima @Gunawan53722139 @Sagita81774027 @gibran_tweet @prabowo @PDI_Perjuangan @jokowi Pesta Demokrasi hrsny fun ya bun, ojo stres ojo benci üòÅ",0,0,0,0,in,307856074,1716724358888980514,HanifahAndini96,https://twitter.com/HanifahAndini96/status/1716964310356996502
Tue Oct 24 23:45:05 +0000 2023,1716964057239179684,@s_mohode INI AKIBAT ISUE GIBRAN MENJADI CAWAPRES PRABOWO RAKYAT INDONESIA RESAH LUAR NEGERI MELIHAT POLITIK INDONESIA HANGAT TIDAK STABIL EFECK MK MELOLOSKAN UU CAPRES CAWAPRES UTK TH 2024,0,0,0,0,in,1667233216091279363,1716860896130269215,Andria75777,https://twitter.com/Andria75777/status/1716964057239179684
Tue Oct 24 23:45:01 +0000 2023,1716964038545203513,@Metro_TV @prabowo @PDI_Perjuangan @gibran_tweet Kena karma juga siap,0,0,0,0,in,1244644631570026497,1716738862343676271,Kelik2068,https://twitter.com/Kelik2068/status/1716964038545203513
Tue Oct 24 23:45:00 +0000 2023,1716964034992545931,Butet Kartaredjasa mengaku sedih Gibran bersedia jadi cawapres Prabowo https://t.co/uMpt3XjVkG,2,1,0,0,in,231355136,1716964034992545931,SINDOnews,https://twitter.com/SINDOnews/status/1716964034992545931
Tue Oct 24 23:44:53 +0000 2023,1716964006559465609,@AgusYudhoyono @prabowo @gibran_tweet Saatnya NKRI dipimpin ABRI dan generasi muda yg berprestasi !!!,0,0,0,1,in,1630976361652424704,1716305800397000801,AnwarOjat,https://twitter.com/AnwarOjat/status/1716964006559465609
Tue Oct 24 23:44:33 +0000 2023,1716963921930908123,Sy Rasa kalo terus2an Jkw di hujat Gibran di serang dn Prabowo di pojokin secara brutal. Maka Pilpres akan satu putaran dn pemenangnya adalah mereka. Ingat Jkw itu Super Grand Master sngt lihai mainkan Bidak.  Lihat aja Tar Kepala BIN pasti diganti dn MD pun di Reshufle  #Santuy,0,0,0,0,in,459203711,1716963921930908123,nafizabillqis,https://twitter.com/nafizabillqis/status/1716963921930908123
Tue Oct 24 23:44:24 +0000 2023,1716963884589006981,@kompascom Moga sok klo @prabowo jd Presiden @bahlillahadalia nggak usah dipercaya masuk dlm Kabinet Prabowo Gibran. Salam.,0,0,0,0,in,193761308,1716756742804242540,wijayantogempar,https://twitter.com/wijayantogempar/status/1716963884589006981
Tue Oct 24 23:44:00 +0000 2023,1716963783422398804,@psi_id @kaesangp @prabowo @gibran_tweet Yah nyantai lah bro nyapres lewat  jalur tol jdi ketum lewat jalur tol tanpa usaha biarkan rakyat yg menilai,0,0,0,0,in,1316429400288583680,1716772382436917270,Wasino98308822,https://twitter.com/Wasino98308822/status/1716963783422398804
Tue Oct 24 23:43:54 +0000 2023,1716963759510741487,"@PDemokrat @prabowo @gibran_tweet Kata M03Ld0k0 : kurang ajar, tau gitu ga bakalan gua jatuhin harkat martabat gua buat begal ini partai.   Kata 3r1ck T0h1r : udah C4p3 C4p3 gua wara wiri ngurusin 80L4 nelantarin 8e Uy 3M 3N, buat apa coba...?  Kata 3R K4 : tau begini, saya ga bakal pindah ke 60Lk4r, ah sudahlah",0,0,0,0,in,619345581,1716398615411970517,WikiEfendi,https://twitter.com/WikiEfendi/status/1716963759510741487
Tue Oct 24 23:43:50 +0000 2023,1716963742104383906,"@StefanAntonio__ @RajaAlexander14 Wkwkwk, 24% yang tidak percaya, bukan jumlah pemilih Prabowo-Gibran  Kalau diamati kelompok kalian memang galau, lebih sering ngurusin Prabowo-Gibran dibanding Ganjar-Mahfud",0,0,0,0,in,932474126429597696,1716830057489190968,abuikhwanaziz,https://twitter.com/abuikhwanaziz/status/1716963742104383906
Tue Oct 24 23:43:44 +0000 2023,1716963716661670168,@SediaKadaharan @genx36545403 @prabowo @gibran_tweet @bengkeldodo @Lembayung071 @Ndons_Back @Kimberley_2024 @BANGSAygSUJUD @Minietweets_ @Ndaxwz @are_inismyname @Alie_Fahnoor Hehhehe sejengkol Kayaknya,0,1,0,2,in,1603552207722672128,1716820858721955990,gustavin_baidur,https://twitter.com/gustavin_baidur/status/1716963716661670168
Tue Oct 24 23:43:43 +0000 2023,1716963714304487722,"Polisi melakukan sterilisasi kantor KPU dengan anjing pelacak K9 jelang pasangan cawapre-cawapres KIM Prabowo-Gibran mendaftar sebagai peserta¬†pilpres¬†2024, Rabu (25/10) pagi. üì∏Rap #BeritaElshinta #Pemilu2024 https://t.co/xHTQtVh8J4",0,1,2,0,in,121640063,1716956988708655263,RadioElshinta,https://twitter.com/RadioElshinta/status/1716963714304487722
Tue Oct 24 23:42:41 +0000 2023,1716963452324098260,@psi_id All in Prabowo -Gibran,0,0,0,0,en,717401216,1716836922654646326,hilmanguns,https://twitter.com/hilmanguns/status/1716963452324098260
Tue Oct 24 23:42:34 +0000 2023,1716963425681887437,Mari Kita Sambit pendaftaran capres cawapres @prabowo @gibran_tweet,0,0,0,0,in,1603516994590244865,1716963425681887437,CakTugiman,https://twitter.com/CakTugiman/status/1716963425681887437
Tue Oct 24 23:42:27 +0000 2023,1716963396375966044,"Bakal pasangan capres-cawapres, Prabowo-Gibran akan diperkenalkan   di Stadion Indonesia Arena, GBK, Jakarta. #Polhuk #AdadiKompas   https://t.co/dqGaAFeh0J",0,0,0,0,in,771030588,1716963396375966044,KompasData,https://twitter.com/KompasData/status/1716963396375966044
Tue Oct 24 23:42:22 +0000 2023,1716963371977945186,"Menurut aku Pak Jokowi keren,dia bukan lg pemain catur tp berani balikin papan catur &amp  semuanya berantakan.Dicap plang plongo, boneka ibu, petugas partai.Saatnya skrng dia berontak dengan caranya. Tp pilih pemimpin itu realita yg harus obyektif.Saya gak akan pilih Prabowo-Gibran",0,0,0,0,in,57604892,1716963371977945186,OphieMalinda,https://twitter.com/OphieMalinda/status/1716963371977945186
Tue Oct 24 23:42:20 +0000 2023,1716963365124489351,"@hasyimmah @aniesbaswedan @cakimiNOW @ganjarpranowo @mohmahfudmd @prabowo @gibran_tweet Yang penting jangan baper sama satu pilihan, agar tidak terjebak dalam KETIDAKSUKAAN, klw masih ragu dgn pilihan, shalat istikharah mohon petunjukNya",0,0,0,0,in,267636762,1716627584363172196,echal26,https://twitter.com/echal26/status/1716963365124489351
Tue Oct 24 23:42:09 +0000 2023,1716963319599562956,"@Dennysiregar7 padahal aslinya prabowo Gibran dengan ganjar mahfud itu satu kubu cuma dipecah aja, apapun dilakukan elit penguasa untuk melanggengkan kekuasaan,liat aja nanti kalo salah satu Mereka yg menang, pihak yg kalah pasti akan kumpul lagi jadi satu kolam, CATAT...",0,3,0,3,in,340837595,1716869573776191491,totok_kw1,https://twitter.com/totok_kw1/status/1716963319599562956
Tue Oct 24 23:41:53 +0000 2023,1716963250255098133,Bpk @prabowo &amp  Mas @gibran_tweet untuk Indonesia Maju ‚úäÔ∏èüá≤üá®üåπ,0,0,1,3,in,964757533641523200,1716963250255098133,psi_kotajogja,https://twitter.com/psi_kotajogja/status/1716963250255098133
Tue Oct 24 23:41:28 +0000 2023,1716963145301078436,@Gojokaisen86 @kompascom Sangat ditunggu sekali program program kerja yang membangun dan bisa meningkatkan kesejahteraan ekonomi untuk masyarakat kita dengan adanya mas gibran sebagai cawapres pak prabowo,0,0,0,0,in,4153801512,1716823135939653663,mirashahabudin,https://twitter.com/mirashahabudin/status/1716963145301078436
Tue Oct 24 23:41:25 +0000 2023,1716963132575486098,@habiburokhman @prabowo @gibran_tweet Saya kasihan lihat anda seperti pengemis politik,0,0,0,0,in,997508907000971264,1716956698773225569,BudiHasbuds49,https://twitter.com/BudiHasbuds49/status/1716963132575486098
Tue Oct 24 23:41:24 +0000 2023,1716963128922230815,"@PandamPamungkas @gibran_tweet wkwkwk, lama2 fix gw jd pendukung prabowo. gw suka ganjar-mahfud, tapi ngeliat para ganjar malah jadi kayak kampret yg suka ngata2in orang. mendingan gw pilih prabowo.  pendukung PDIP emang tolol2 sih .., untungnya gw pendukung Jokowi, bukan pendukung megatron",0,0,0,0,in,1118441726836797440,1716796229508891018,SiKebongce,https://twitter.com/SiKebongce/status/1716963128922230815
Tue Oct 24 23:41:18 +0000 2023,1716963105048301571,"Relawan pasangan Prabowo Subianto dan Gibran Rakabuming Raka sudah mulai memenuhi Indonesia Arena sebagai rangkaian pendaftaran diri sebagai Calon Presiden dan Wakil Presiden ke KPU RI, Rabu (25/10) pagi. üé•Ard #BeritaElshinta https://t.co/rnzKhNLH9P",0,2,1,1,in,121640063,1716956988708655263,RadioElshinta,https://twitter.com/RadioElshinta/status/1716963105048301571
Tue Oct 24 23:41:09 +0000 2023,1716963069182816637,TARGET SUDAH TERCAPAI. Gaduh ttg putusan MK krn ada maunya.  ü§£ü§£  Yusril Tegaskan Siap Jadi 'Pendekar Hukum' Gibran-Prabowo https://t.co/pU43hDtiVN,0,0,0,0,in,1423349409840975873,1716963069182816637,streetlawyers85,https://twitter.com/streetlawyers85/status/1716963069182816637
Tue Oct 24 23:41:07 +0000 2023,1716963058814492744,@Projo_Pusat @jokowi @prabowo @gibran_tweet @KPU_ID @RcyberProj0 Belum berkuasa ajach dah maling kader rampok kader partai orang hahaha Pendukung @jokowi belum puaskah peras lendir ibupertiwi hahaha,0,0,0,0,in,1521967420889477121,1716844092808986748,driveronline_17,https://twitter.com/driveronline_17/status/1716963058814492744
Tue Oct 24 23:41:05 +0000 2023,1716963052086816871,@Gojokaisen86 @detikcom Pak prabowo sangat mengerti bagaimana menarik simpati masyarakat dalam pemilu dengan menarik mas gibran sebagai cawapres nya,0,0,0,0,in,4153801512,1716797004280709354,mirashahabudin,https://twitter.com/mirashahabudin/status/1716963052086816871
Tue Oct 24 23:40:59 +0000 2023,1716963026518376482,@Prihati_utami Jangan kayak gitu lah Gibran itu belum cukup umur kalau jadi wakil Pak Prabowo,0,0,0,0,in,869870383788204032,1716611895619461141,zjuvurbijq2696,https://twitter.com/zjuvurbijq2696/status/1716963026518376482
Tue Oct 24 23:40:57 +0000 2023,1716963017362120878,"Memilih Prabowo-Gibran Sama saja dengan menambah Jokowi 3 periode. Tapi pendukung Ayah rata-rata keras kepala, mereka lebih dari sekedar jokower. The real jokower garis keras ‚ÄºÔ∏è https://t.co/QqUsXb57yD",13,18,103,243,in,929287558281830400,1716963017362120878,yaniarsim,https://twitter.com/yaniarsim/status/1716963017362120878
Tue Oct 24 23:40:26 +0000 2023,1716962887489778076,"Kalau Pemilu Hari Ini, Tenyata Prabowo - Gibran Unggul @prabowo @gibran_tweet @kaesangp @psi_id  Itulah survei versi LSI!  Yuk Simak!  https://t.co/J9lBwYqCXu  #PrabowoGibran2024 #prabowogibran #gibran #Joklwi #PSI #PDIP #PDIPerjuangan",0,1,0,1,in,1478569118869590017,1716962887489778076,andywartawan,https://twitter.com/andywartawan/status/1716962887489778076
Tue Oct 24 23:40:25 +0000 2023,1716962883060584916,"@psi_id PSI MANTAPP, PRABOWO GIBRANüòá",0,0,0,0,in,1055864606818586629,1716836922654646326,barca_joss,https://twitter.com/barca_joss/status/1716962883060584916
Tue Oct 24 23:40:06 +0000 2023,1716962800990667087,"Prabowo - Gibran Akan Daftar ke KPU Hari ini, Simak Rute yang Bakal Dilewati https://t.co/uB7RYJ7qBh #TempoNasional",0,1,1,2,in,18129942,1716962800990667087,tempodotco,https://twitter.com/tempodotco/status/1716962800990667087
Tue Oct 24 23:40:03 +0000 2023,1716962789770830071,@Gojokaisen86 @detikcom Maju terus untuk pasangan pak prabowo dan mas gibran dalam pilpres nanti. Semoga kemenangan pilpres nanti bisa menjadi ajang untuk adu pandangan dalam membangun Indonesia,0,0,0,0,in,4153801512,1716744085720240134,mirashahabudin,https://twitter.com/mirashahabudin/status/1716962789770830071
Tue Oct 24 23:39:47 +0000 2023,1716962722242576886,kesalahan terulang lagi pak Prabowo bawa Gibran daftar ke kpu,0,0,0,0,in,2758458877,1716962722242576886,suhendimichael,https://twitter.com/suhendimichael/status/1716962722242576886
Tue Oct 24 23:39:33 +0000 2023,1716962664474435740,"@kompascom Apakah Pak Prabowo mulai gerah dengan tidak jelasnya status Gibran di PDIP?   Pak Prabowo  fokus saja kepada proses pelaksanaan pilpres, seperti hari2 belakangan ini, tidak banyak statement yg tidak perlu   Bukan karena Pak Parabowo tidak apa2 Calon Wakilnya tetap ada di Partai‚Ä¶",0,1,0,6,in,132092841,1716942684173267071,Wicaksono_J,https://twitter.com/Wicaksono_J/status/1716962664474435740
Tue Oct 24 23:39:27 +0000 2023,1716962639992238290,@CNNIndonesia PRABOWO &amp  GIBRAN PRESIDENT &amp  VICE PRESIDENT INDONESIA 2024-2029 üëçüëçüëçüëçüëçüëçüëçüëçüëçüëçüëçüëç,0,0,0,0,en,1598186106230448129,1716812538040734020,Setiabumi1,https://twitter.com/Setiabumi1/status/1716962639992238290
Tue Oct 24 23:39:24 +0000 2023,1716962626369188045,@Gojokaisen86 @Gerindra Saya percaya pak prabowo tidak akan terburu-buru dalam memilih cawapres nya dan dengan dipilihnya mas gibran sudah melalui pemikiran yang sangat matang. 2024 all in prabowo,0,0,0,0,in,4153801512,1716806081828278302,mirashahabudin,https://twitter.com/mirashahabudin/status/1716962626369188045
Tue Oct 24 23:39:15 +0000 2023,1716962589912285679,@MazehNgopi @rahmani_ima @gibran_tweet @prabowo Iya duidnya buat buka lapangan kerja ningkatin SDM,0,0,0,0,in,134315121,1716724358888980514,ellameilia,https://twitter.com/ellameilia/status/1716962589912285679
Tue Oct 24 23:39:15 +0000 2023,1716962588481949952,@Gerindra Info terbaru mindra,0,0,0,0,in,1258411680754589697,1716886077603262716,sauki084,https://twitter.com/sauki084/status/1716962588481949952
Tue Oct 24 23:39:11 +0000 2023,1716962574070403262,"@Paltiwest Rakyat cerdas koq...dan memahami dan memaklumi knp Gibran ada diatas kertas. --- Sesungguhnya Jokowi, Bu Mega, Prabowo menyiratkan pada kita sedang/akan ada ancaman terjadi pada Pembangunan dan Pancasila kita  Faham https://t.co/cHEivJ990y",0,3,1,3,in,916782552865636352,1716842499132838309,RuskandarAsep,https://twitter.com/RuskandarAsep/status/1716962574070403262
Tue Oct 24 23:38:59 +0000 2023,1716962520689496270,@are_inismyname @prabowo @gibran_tweet @aniesbaswedan @cakimiNOW @ganjarpranowo @mohmahfudmd @P4P4B0W0_2024 @bengkeldodo @99propaganda @adri_7i @alextham878 @Alie_Fahnoor @AlmaghribiS @Ndons_Back @AndreasSolusi @florieliciouss Salah lu..  Klo kami justru makin mantap setelah ada imin..  Apalagi ketika wowo ambil anak wiwi jd wakilnya.. makin mantap menang 1 putaran,0,0,0,0,in,2925381554,1716792633430077511,hakunamaku,https://twitter.com/hakunamaku/status/1716962520689496270
Tue Oct 24 23:38:51 +0000 2023,1716962487063752957,@Tita83079013 @gibran_tweet Jd memang diplot gibran jd kepala negara ya....ang dirancang gotu... Emang direncanakan brp lama nih prabowo jd presidennya? 1 atau 2 th ya....,0,0,0,0,in,752364757,1716405040179712408,dagajoe,https://twitter.com/dagajoe/status/1716962487063752957
Tue Oct 24 23:38:35 +0000 2023,1716962421154148431,Ini Rekayasa Lalin Sekitar GBK dan KPU Saat Prabowo-Gibran ... - detikNews https://t.co/XhxmpEvFyY #Jokowinomics #MenataMasaDepan #BersamaPrabowo,0,0,5,0,in,4756014072,1716962421154148431,cuteysi,https://twitter.com/cuteysi/status/1716962421154148431
Tue Oct 24 23:38:34 +0000 2023,1716962415236276246,@Gojokaisen86 @SudaryonoSudar @prabowo @gibran_tweet Untuk Indonesia yang lebih baik saya percaya pak prabowo dan mas gibran adalah dua sosok hebat yang punya kemampuan agar membawa Indonesia lebih maju dan masyarakat nya bisa lebih sejahtera,0,0,0,0,in,4153801512,1716756427576848784,mirashahabudin,https://twitter.com/mirashahabudin/status/1716962415236276246
Tue Oct 24 23:38:07 +0000 2023,1716962304296910906,Rekayasa Lalin saat Prabowo-Gibran Daftar ke KPU Hari Ini https://t.co/73NC2qCctP,0,1,2,6,in,17128975,1716962304296910906,CNNIndonesia,https://twitter.com/CNNIndonesia/status/1716962304296910906
Tue Oct 24 23:37:59 +0000 2023,1716962268569886918,"Ray Rangkuti Bongkar Penyebab Alotnya Deklarasi Prabowo-Gibran, Meski MK Telah Buka Pintu https://t.co/yguuZnBdpi",0,0,0,0,in,1219947729155047424,1716962268569886918,zonajakarta1,https://twitter.com/zonajakarta1/status/1716962268569886918
Tue Oct 24 23:37:32 +0000 2023,1716962158540361903,"Bakal pasangan capres-cawapres, Prabowo-Gibran akan diperkenalkan   di Stadion Indonesia Arena, GBK, Jakarta. #Polhuk #AdadiKompas   https://t.co/MUdPzafadG",0,0,0,1,in,255866913,1716962158540361903,hariankompas,https://twitter.com/hariankompas/status/1716962158540361903
Tue Oct 24 23:37:02 +0000 2023,1716962032245989830,@Gojokaisen86 @negativisme Indonesia butuh agen of change dimasa depan dan juga pemimpin yang tegas dan kharismatik seperti pak prabowo dan mas gibran,0,0,0,0,in,4153801512,1716638527952486735,mirashahabudin,https://twitter.com/mirashahabudin/status/1716962032245989830
Tue Oct 24 23:36:37 +0000 2023,1716961928298615093,@AgusYudhoyono @prabowo @gibran_tweet Gak kebayang pak sby turun gunung promosi gibran..he..he...,0,0,0,0,in,1273292151443472384,1716305800397000801,Sakdullah15,https://twitter.com/Sakdullah15/status/1716961928298615093
Tue Oct 24 23:36:34 +0000 2023,1716961914566361524,"Fix milih Prabowo-Gibran, klw ga ya golput",0,0,0,0,in,1059850343725576192,1716961914566361524,Jeonnielle,https://twitter.com/Jeonnielle/status/1716961914566361524
Tue Oct 24 23:36:18 +0000 2023,1716961844777353706,"@VIVAcoid Masyarakat udhh ga bodoh lg ko... Memilih prabowo gibran sm aja milih jokowi, mending milih Ganjar..biar jd lebih baik, ga milih orang2 mecla mencle",0,0,0,0,in,1186526443569741824,1716753423079706799,ariyfebri1,https://twitter.com/ariyfebri1/status/1716961844777353706
Tue Oct 24 23:36:15 +0000 2023,1716961833146515859,@alisyarief @jokowi Prabowo-Gibran sepertinya akan kalah.,0,0,0,1,in,1655122592213381120,1716942385010364721,LebahBorneoR,https://twitter.com/LebahBorneoR/status/1716961833146515859
Tue Oct 24 23:36:00 +0000 2023,1716961773201641931,Ini lho pertimbangan @psi_id dukung Prabowo - Gibran @prabowo @gibran_tweet Mau tahu alasannya? Yuk simak!  https://t.co/TSVAfXCs81  #PrabowoGibran2024 #prabowogibran #prabowo #gibran #jokowi #PSI,0,1,0,1,in,1478569118869590017,1716961773201641931,andywartawan,https://twitter.com/andywartawan/status/1716961773201641931
Tue Oct 24 23:35:35 +0000 2023,1716961664527110191,Ini Rekayasa Lalin Sekitar GBK dan KPU Saat Prabowo-Gibran Daftar Pilpres - detikNews https://t.co/lVOmpLKL4f #Jokowinomics #MenataMasaDepan #BersamaPrabowo,0,0,8,0,in,1068101963059879936,1716961664527110191,AdrianaDaneen,https://twitter.com/AdrianaDaneen/status/1716961664527110191
Tue Oct 24 23:35:32 +0000 2023,1716961654171447759,@Projo_Pusat @jokowi @prabowo @gibran_tweet @KPU_ID @RcyberProj0 Setia di garis rakyat atau setia di garis dinasti.....? hihihihihi,0,0,0,0,in,2606542610,1716844092808986748,GSiwalette,https://twitter.com/GSiwalette/status/1716961654171447759
Tue Oct 24 23:35:24 +0000 2023,1716961618486325311,"Prabowo-Gibran, Capres-Cawapres yang Dipaksakan https://t.co/pjMLGtBwak",1,1,3,6,in,1226436091617505281,1716961618486325311,keuangannews_id,https://twitter.com/keuangannews_id/status/1716961618486325311
Tue Oct 24 23:35:21 +0000 2023,1716961608684257690,@Projo_Pusat @jokowi @prabowo @gibran_tweet @KPU_ID @RcyberProj0 Protoli jokowi üòÑüòÑ,0,0,0,0,in,1603664383586226179,1716844092808986748,TukangMancing01,https://twitter.com/TukangMancing01/status/1716961608684257690
Tue Oct 24 23:35:08 +0000 2023,1716961554258936320,@daffiriffi @jehidayat3 @ajengcute16__ @prabowo @gibran_tweet @SBYudhoyono ü§´ü§´,0,0,0,2,qme,1599725937930559489,1716395937323725273,tatatheawae,https://twitter.com/tatatheawae/status/1716961554258936320
Tue Oct 24 23:34:31 +0000 2023,1716961398302150945,@prabowo &amp  @gibran_tweet untuk Indonesia Maju üá≤üá®‚úäÔ∏èüåπ,0,0,0,0,in,964757533641523200,1716961398302150945,psi_kotajogja,https://twitter.com/psi_kotajogja/status/1716961398302150945
Tue Oct 24 23:34:24 +0000 2023,1716961367834685674,@habiburokhman @prabowo @gibran_tweet Itu duit dr mana PSI ?,0,0,0,0,in,1203098760722542592,1716956698773225569,akundihackmulu,https://twitter.com/akundihackmulu/status/1716961367834685674
Tue Oct 24 23:34:10 +0000 2023,1716961309441568866,"06.33: Kondisi terkini di depan KPU Pusat sudah dilakukan pengamanan jelang pendaftaran pasangan calon Prabowo-Gibran, lalu lintas mulai tersendat. (P. Donny) #InfoLalinElshinta https://t.co/zm2NWoade2",1,2,6,13,in,121640063,1716961309441568866,RadioElshinta,https://twitter.com/RadioElshinta/status/1716961309441568866
Tue Oct 24 23:33:50 +0000 2023,1716961227803681045,Teng KIM Rabu daftar... Selamat bertanding pada ketiga pasangan calon..  @ZUL_Hasan Memastikan Prabowo-Gibran Daftar ke KPU Besok https://t.co/cyuSRrnzB9,0,1,1,6,in,2412572689,1716961227803681045,is_pelssy,https://twitter.com/is_pelssy/status/1716961227803681045
Tue Oct 24 23:33:44 +0000 2023,1716961201664753775,"Sekarang Pak @prabowo nggak galak lagi lho, mau tahu alasannya?  https://t.co/QOOIB3vPeU  #PrabowoGibran2024 #prabowogibran #PrabowoUnggul #gibran #jokowi #prabowo",0,1,0,1,in,1478569118869590017,1716961201664753775,andywartawan,https://twitter.com/andywartawan/status/1716961201664753775
Tue Oct 24 23:33:32 +0000 2023,1716961148636160286,"Deklarasi Dukung Prabowo-Gibran, Jaringan Selular Mendadak Gangguan https://t.co/k2MPdyqM6A  #viral #fyp #pancarpos #prabowo #gibran #capres #pemilu #psi #gerindra #deklarasi https://t.co/BhCyq6Lehg",0,0,0,0,in,1219583460672598022,1716961148636160286,Pancar_POS,https://twitter.com/Pancar_POS/status/1716961148636160286
Tue Oct 24 23:33:23 +0000 2023,1716961110929313872,@ajengcute16__ @prabowo @gibran_tweet Masih ingat ini Njeng? https://t.co/egUCXi4nls,0,2,3,11,in,1632891323324977153,1716395937323725273,jehidayat3,https://twitter.com/jehidayat3/status/1716961110929313872
Tue Oct 24 23:32:58 +0000 2023,1716961007493648685,"Jika Prabowo-Gibran Menang Pilpres 2024, Saham Ini Bisa Pesta https://t.co/2W00934eNT",0,1,0,0,in,847372542830444544,1716961007493648685,cnbcindonesia,https://twitter.com/cnbcindonesia/status/1716961007493648685
Tue Oct 24 23:32:55 +0000 2023,1716960995661472129,@AgusYudhoyono @prabowo @gibran_tweet Salah langkah bos üòÇ,0,0,0,0,in,3301880102,1716305800397000801,AFallugah,https://twitter.com/AFallugah/status/1716960995661472129
Tue Oct 24 23:32:36 +0000 2023,1716960915885793440,"Hari ini banget live podcast #SuaraPenentu pendaftaran bakal capres-cawapres Prabowo-Gibran!   Rabu, 25 Oktober 2023 08.00 WIB  Live di YouTube Narasi Newsroom dan TikTok Narasi. https://t.co/A7OACF0axU",4,5,4,13,in,1158355819512991747,1716960915885793440,NarasiNewsroom,https://twitter.com/NarasiNewsroom/status/1716960915885793440
Tue Oct 24 23:32:28 +0000 2023,1716960881194811462,"@Ahoong19 @G0mb4k @KhoirilAnwar_ @prabowo @gibran_tweet @BANGSAygSUJUD @bengkeldodo @99propaganda @alextham878 @Lembayung071 @drReUtari08 @Ndaxwz Dizaman rosulluh ada seorang anak muda berusia 18 tahun diangkat menjadi panglima perang untuk melawan Romawi. Hampir semua orang ragu dan tidak yakin. Tetapi usamah bin Zaid (anak muda) tersebut menunjukkan kemampuannya dan sukses besar mengalahkan lawannya. *Renungan""",0,0,0,0,in,2717547397,1716648150843490613,AlmaghribiS,https://twitter.com/AlmaghribiS/status/1716960881194811462
Tue Oct 24 23:32:05 +0000 2023,1716960786093052195,"Ini Rangkaian Acara Pendaftaran Prabowo Gibran ke KPU, Dimulai dari Kertanegara https://t.co/2Hg2usINE4",0,0,0,4,in,71436318,1716960786093052195,KompasTV,https://twitter.com/KompasTV/status/1716960786093052195
Tue Oct 24 23:31:58 +0000 2023,1716960754338005050,@PDemokrat @prabowo @gibran_tweet Koq bisa anak Jokowi ya?,0,0,0,1,in,2474041962,1716398615411970517,DonnyBonardo,https://twitter.com/DonnyBonardo/status/1716960754338005050
Tue Oct 24 23:31:53 +0000 2023,1716960733504934116,@Gojokaisen86 @SudaryonoSudar @prabowo @gibran_tweet Indonesia saat ini butuh pemimpin yang berani mengambil langkah yang berbeda daripada sebelum nya seperti pak prabowo dan mas gibran,0,0,0,0,in,707639560843468800,1716756427576848784,dsvwaikdjns,https://twitter.com/dsvwaikdjns/status/1716960733504934116
Tue Oct 24 23:31:46 +0000 2023,1716960706103591316,@ZulkifliLubis69 @prabowo @gibran_tweet @jokowi Banteng tenggelam üòÇüòÇüòÇ,0,0,0,0,in,940831049889787905,1716783179082924334,JabrikJunior2,https://twitter.com/JabrikJunior2/status/1716960706103591316
Tue Oct 24 23:31:37 +0000 2023,1716960667868311898,"@skawngurlfriend @psi_id @kaesangp @prabowo @gibran_tweet Wkakakaka seru bet politik 2024, jadi bingung milih mana tapi tetep gabakal bingung untuk tidak memilih anies",0,1,0,0,in,1368143247667699712,1716772382436917270,BlueWhaleHunter,https://twitter.com/BlueWhaleHunter/status/1716960667868311898
Tue Oct 24 23:31:37 +0000 2023,1716960666928742908,"Pak Prabowo melakukan blunder?   Membandingkan ‚Äòkemudaan‚Äô Sutan Sjahrir dengan ‚Äòkemudaan‚Äô Gibran.   Maksud pak Prabs, menyamakan Gibran dengan Sutan Sjahrir itu tentang ‚Äúusia yang sama sama muda‚Äù sebagai politisi. Tentu bukan tentang ‚Äúkompetensi‚Äù.   Masing masing sesuai eranya",1,7,1,8,in,1603576856573509633,1716960666928742908,Kimberley_2024,https://twitter.com/Kimberley_2024/status/1716960666928742908
Tue Oct 24 23:31:36 +0000 2023,1716960663296495987,Prabowo Soal Status Gibran di PDIP: Kami Senang Kalau Tetap Jadi Kader https://t.co/qk79g22CnC,6,6,2,16,in,17128975,1716960663296495987,CNNIndonesia,https://twitter.com/CNNIndonesia/status/1716960663296495987
Tue Oct 24 23:31:29 +0000 2023,1716960632853987459,@Gojokaisen86 @info_beragam Dengan di calonkan nya gibran pasti banyak suara anak muda yang pindah untuk mendukung pak prabowo untuk pilpres nanti,0,0,0,1,in,707639560843468800,1716718671870214443,dsvwaikdjns,https://twitter.com/dsvwaikdjns/status/1716960632853987459
Tue Oct 24 23:31:26 +0000 2023,1716960623706460546,@AgusYudhoyono @prabowo @gibran_tweet hmmm...karena bingung mas @AgusYudhoyono mau berlabuh ke mana lagi,0,0,0,0,in,1686304601988100096,1716305800397000801,needmrcaffeine,https://twitter.com/needmrcaffeine/status/1716960623706460546
Tue Oct 24 23:31:25 +0000 2023,1716960615791788291,Polda Metro Jaya akan berlakukan rekayasa lalu lintas pada hari ini saat pendaftaran Prabowo Subianto-Gibran Rakabuming Raka di Gedung Kantor Pemilihan Umum (KPU). https://t.co/NMaNDsEXww,0,0,0,0,in,1600779468544806914,1716960615791788291,terasjakartaid,https://twitter.com/terasjakartaid/status/1716960615791788291
Tue Oct 24 23:31:06 +0000 2023,1716960537236623704,@Gojokaisen86 @negativisme Saya sangat mendukung penuh untuk pak prabowo dan mas gibran agar bisa maju dalam pemilihan presiden selanjutnya dan bisa menang dalam 1 kali putaran,0,0,0,1,in,707639560843468800,1716638527952486735,dsvwaikdjns,https://twitter.com/dsvwaikdjns/status/1716960537236623704
Tue Oct 24 23:30:42 +0000 2023,1716960437974270130,"@Gojokaisen86 @negativisme Berikan aku 10 pemuda dan akan ku guncang duni, kata kata tersebut yang membuat saya yakin untuk memilih mas gibran untuk jadi pasangan pak prabowo karena anak muda dampaknya sangat besar terhadap perubahan",0,0,0,2,in,707639560843468800,1716638527952486735,dsvwaikdjns,https://twitter.com/dsvwaikdjns/status/1716960437974270130
Tue Oct 24 23:30:08 +0000 2023,1716960296542343254,"@andre_rosiade @gibran_tweet Bung @andre_rosiade sepertinya menarik , tapi Rakyat Lebih memilih AMIN , ITU nyatanya, dan sampaikan ke Prabowo usahakan jangan curang yaaaa ü´¢ü´¢ü´¢",0,0,0,3,in,784760219150626820,1716953565057757268,mr_pahlewa,https://twitter.com/mr_pahlewa/status/1716960296542343254
Tue Oct 24 23:30:06 +0000 2023,1716960285335208244,@Metro_TV @prabowo @PDI_Perjuangan @gibran_tweet anak dijadiin tameng demi ijazah yg selama 10 tahun misterius dan viral di dunia gorong¬≤,0,0,0,0,in,1670414636833992704,1716738862343676271,hendy20boy,https://twitter.com/hendy20boy/status/1716960285335208244
Tue Oct 24 23:30:00 +0000 2023,1716960262404895129,Alien Mus Ajak Kader Partai Golkar Solid Menangkan Duet Prabowo-Gibran #airlanggahartarto #kuningkeren #sayagolkar #partaigolkar #golkarpedia https://t.co/wJFduCGwLx,0,0,25,2,in,721898354502930433,1716960262404895129,golkarpedia,https://twitter.com/golkarpedia/status/1716960262404895129
Tue Oct 24 23:29:57 +0000 2023,1716960250031390999,"Rayuan: Prabowo Chill Banget Soal Status Gibran di PDIP, Hubungan Antar Partai Tetap Solid! https://t.co/iTq9y8Rndp",0,0,0,0,in,1691834850578485248,1716960250031390999,pituturid_,https://twitter.com/pituturid_/status/1716960250031390999
Tue Oct 24 23:29:35 +0000 2023,1716960155366240600,Forum Ulama dan Santri Deklarasi Dukung Prabowo Gibran https://t.co/mgTSwmuUVI,0,0,0,1,in,1090112460,1716960155366240600,jurnascom,https://twitter.com/jurnascom/status/1716960155366240600
Tue Oct 24 23:29:18 +0000 2023,1716960083836583973,Survei LSI Denny JA: Prabowo-Gibran Unggul di Pemilih NU https://t.co/kooKOQaW0Y,5,14,0,20,in,17128975,1716960083836583973,CNNIndonesia,https://twitter.com/CNNIndonesia/status/1716960083836583973
Tue Oct 24 23:29:14 +0000 2023,1716960068527411669,Nah bagus tuh kalau kasih nama pendukungnya pak prabowo dan mas gibran adalah gemoy minüòÖ. Btw pinjem seratus dong minüôÇüôÇüôÇüôÇ,0,0,0,0,in,707639560843468800,1716960068527411669,dsvwaikdjns,https://twitter.com/dsvwaikdjns/status/1716960068527411669
Tue Oct 24 23:29:12 +0000 2023,1716960058993746098,Polda Metro Jaya lakukan rekayasa lalu lintas saat deklarasi serta pendaftaran Prabowo dan Gibran ke KPU https://t.co/OvadDKdsE9,0,0,0,0,in,1450324371583553538,1716960058993746098,trenotoid,https://twitter.com/trenotoid/status/1716960058993746098
Tue Oct 24 23:28:56 +0000 2023,1716959991419326795,Prabowo ga bisa disetir...orangnya keras...suka lempar henpon...gebrak meja..! Gibran dikepret nantinya.. bisa jadi buat narik dukungun thok...,0,0,2,1,in,122411853,1716959991419326795,erson_forever,https://twitter.com/erson_forever/status/1716959991419326795
Tue Oct 24 23:28:54 +0000 2023,1716959982435160276,"@DrPullmanrogers @ainunnajib @Kenzu_001 @jokowi @prabowo @gibran_tweet Yang coblos rakyat tapi elit punya sumber daya dan sumber dana itu membeli dukungan, murah kok tak perlu beli seluruh rakyat indonesia,, cukup ratusan ribu masa dikumpulkan dan sorot media",0,0,0,2,in,1593826699749494784,1714434373041484030,RagaSukma_1,https://twitter.com/RagaSukma_1/status/1716959982435160276
Tue Oct 24 23:28:20 +0000 2023,1716959841603010585,Ganjar-mahfud Anies-cak imin Prabowo-gibran Jojo-jeje. Udah saatnya menggebrak dunia. Pagi yah. https://t.co/N7qIJTG5Ua,1,2,1,1,in,3003313746,1716959841603010585,nsweetyz,https://twitter.com/nsweetyz/status/1716959841603010585
Tue Oct 24 23:28:11 +0000 2023,1716959803229274470,Kaesang Yakin Prabowo-Gibran Bisa Bawa Indonesia jadi Lebih ... - Merah Putih https://t.co/K3JMA3RpqM #Jokowinomics #MenataMasaDepan #BersamaPrabowo,0,0,5,0,in,617983548,1716959803229274470,LoveThatBoyLiam,https://twitter.com/LoveThatBoyLiam/status/1716959803229274470
Tue Oct 24 23:28:11 +0000 2023,1716959802918846690,Kaesang Yakin Prabowo-Gibran Bisa Bawa Indonesia jadi Lebih ... - Merah Putih https://t.co/FPSv4oiz7b #Jokowinomics #MenataMasaDepan #BersamaPrabowo,0,0,6,1,in,1621379469125775363,1716959802918846690,moammarfatahil1,https://twitter.com/moammarfatahil1/status/1716959802918846690
Tue Oct 24 23:28:06 +0000 2023,1716959781058166795,"Hindari Macet, Ini Rekayasa Lalin Saat Prabowo-Gibran Daftar KPU https://t.co/qQJR3tgTgc",0,0,0,0,in,1582972008479920129,1716959781058166795,BloombergTZ,https://twitter.com/BloombergTZ/status/1716959781058166795
Tue Oct 24 23:28:05 +0000 2023,1716959779816669541,Kaesang Yakin Prabowo-Gibran Bisa Bawa Indonesia jadi Lebih ... - Merah Putih https://t.co/KXarv2PDyI #Jokowinomics #MenataMasaDepan #BersamaPrabowo,0,0,5,0,in,617688782,1716959779816669541,Jason20865405,https://twitter.com/Jason20865405/status/1716959779816669541
Tue Oct 24 23:27:31 +0000 2023,1716959636748943534,@Gojokaisen86 @kompascom Beliau sosok berani dan mau ambil resiko dan beda dari yang lainnya. Saya sangat setuju kalau pak prabowo dipasangkan dengan mas gibran dalam pilpres nanti,0,0,0,0,in,780718575271055360,1716823135939653663,hddfsysgdcoghu,https://twitter.com/hddfsysgdcoghu/status/1716959636748943534
Tue Oct 24 23:27:17 +0000 2023,1716959577248596388,"@andre_rosiade @gibran_tweet Kami sekampung, kerabat, kenalan tetangga yg dulu memilih Prabowo sdh berubah dan tidak akan memilihnya lagi.  Ingek itu dek ang.",0,0,0,0,in,153968109,1716953565057757268,david_son2863,https://twitter.com/david_son2863/status/1716959577248596388
Tue Oct 24 23:27:15 +0000 2023,1716959570311205248,@ajengcute16__ Nggk tahu permainan tingkat elit kl mau fair di tingkat masyarat bawah hampir surut suara Prabowo walaupun diunggulkan survei dia cuman jd banyolan politik ditambah kontroversi Gibran kalangan bawah  jd muak dan jijik dgn cara main kalian,0,0,0,0,in,1129176352668577792,1716686295911817592,menakdobol,https://twitter.com/menakdobol/status/1716959570311205248
Tue Oct 24 23:27:02 +0000 2023,1716959516271755488,@psi_id @kaesangp @prabowo @gibran_tweet PO BOX https://t.co/f5kcU69kzB,0,0,0,0,es,1517858994026471424,1716772382436917270,NohChann,https://twitter.com/NohChann/status/1716959516271755488
Tue Oct 24 23:26:58 +0000 2023,1716959496734724536,Sosok Konglomerat RI Ini Yakin Prabowo-Gibran Menang Pilpres https://t.co/ws6JjuxPDa,0,0,0,0,in,847372542830444544,1716959496734724536,cnbcindonesia,https://twitter.com/cnbcindonesia/status/1716959496734724536
Tue Oct 24 23:26:44 +0000 2023,1716959439297908977,@Gojokaisen86 @detikcom Saya juga berharap program program kerja yang dibuat nanti dan akan diungkapkan dalam debat pilpres dari pasangan pak prabowo dan mas gibran bisa benar-benar membuat program kerja yang nyata untuk bisa dilakukan di masa yang akan datang,0,0,0,0,in,780718575271055360,1716797004280709354,hddfsysgdcoghu,https://twitter.com/hddfsysgdcoghu/status/1716959439297908977
Tue Oct 24 23:26:07 +0000 2023,1716959284335165529,"@Aryprasetyo85 @gm_gm @psi_id @007koteka @03__nakula @__AnakKolong @aan_muba @AntoniusCDN @Dennysiregar7 @FirzaHusainID @gibran_tweet @GunRomli @Miduk17 Kalau lihat Rekam jejak Prabowo, waktu kampanye 2019, setuju korupsi sedikit gak apa¬≤, pernyataan  bahwa FPI tidak salah, dekat dengan FPI itu aja menunjukkan bahwa Prabowo dekat dengan Radikalisme. Berlawanan dengan apa yg selama ini PSI  Gaungkan ternyata boong u/ dapat suaraü§î",0,0,0,1,in,1520816705098108930,1716836037627085223,Leman12977677,https://twitter.com/Leman12977677/status/1716959284335165529
Tue Oct 24 23:25:40 +0000 2023,1716959171298607223,"@kompascom Hmm... Bener sih, kalau gibran nggak keluar dari PDIP, siapapun yang menang diantara ganjar atau prabowo, tetap PDIP ada di sana.   Yang kita liat bukan yang terjadi sebenarnya. Di depan kayak berantem, di belakang mereka tetep ngopi bareng.  Bego aja kalo kita, rakyat, yg ribut",1,5,3,16,in,77098425,1716942684173267071,malesbangunaja,https://twitter.com/malesbangunaja/status/1716959171298607223
Tue Oct 24 23:25:10 +0000 2023,1716959044584513925,Kaesang Yakin Prabowo-Gibran Bisa Bawa Indonesia jadi Lebih ... - Merah Putih https://t.co/OCgqFj9qYW #Jokowinomics #MenataMasaDepan #BersamaPrabowo,0,0,5,0,in,4756014072,1716959044584513925,cuteysi,https://twitter.com/cuteysi/status/1716959044584513925
Tue Oct 24 23:25:01 +0000 2023,1716959006118514916,"@dewiirawan13 Prabowo meminang gibran 7x Jkw sllu menolaknya, IKN itu proyek maha besar klo terbengkalai sia tuh ..knp gibran sampe hari ini blm dipecat...?? Ato mega sebenarnya setengah hati dukung GP""",0,0,0,0,in,318831793,1716597343573959013,Thole_7,https://twitter.com/Thole_7/status/1716959006118514916
Tue Oct 24 23:24:55 +0000 2023,1716958980491313605,Hari ini Mengawal Kemenangan Indonesia Maju üáÆüá©  25 Oktober 2023 ~&gt  @KPU_ID  #Projo #Jokowi #Gibran #Prabowo https://t.co/iTY6mNcPHj,0,0,9,18,in,872175115793858561,1716958980491313605,RcyberProj0,https://twitter.com/RcyberProj0/status/1716958980491313605
Tue Oct 24 23:24:15 +0000 2023,1716958815281963196,"@kompascom Jelas susi susanti berjuang keras bertahun bermandikan keringat tenaga biaya demi prestasi harumkan bangsa negara  Bukannya sperti Gibran prestasi Instan di krn kan anak presiden bagi prabowo adlah suatu kebodohan pilih dia sbg cawapres krn rakyat skrg semua rata"" sdh cerdas""",0,1,1,4,in,1119744609007980544,1716949969373143118,MT93990025,https://twitter.com/MT93990025/status/1716958815281963196
Tue Oct 24 23:24:05 +0000 2023,1716958773947019399,Prabowo Belum Tahu soal Status Gibran di PDIP https://t.co/UHO63e5ipE,0,0,0,0,in,552523769,1716958773947019399,KATADATAcoid,https://twitter.com/KATADATAcoid/status/1716958773947019399
Tue Oct 24 23:24:05 +0000 2023,1716958773032710608,"@dwiputro89 @chandra_siap @kompascom Tidak ada masalah kalau mengacu pada pasal yang dia sebut.  Gibran diusulkan oleh kubu Prabowo, tapi kan tidak diusulkan oleh kubu PDIP.  Yang dibilang Prabowo kan silakan Gibran tetap jadi kader PDIP.",0,1,0,1,in,409591666,1716942684173267071,ask_rizqi,https://twitter.com/ask_rizqi/status/1716958773032710608
Tue Oct 24 23:24:02 +0000 2023,1716958758981783675,Prabowo Gibran 2024!,0,0,0,0,en,109998829,1716958758981783675,kinghendry,https://twitter.com/kinghendry/status/1716958758981783675
Tue Oct 24 23:23:41 +0000 2023,1716958673015333252,"Pasangan Prabowo - Gibran Rakabuming Raka Paslon paling realistis . 1. Keduanya tidak pernah dipanggil KPK. 2. Keduanya sosok berprestasi, berprestasi berbasis data yang objektif dan nyata, bukan manipulatif. 3. Keduanya bukan tipe hanya pandai cakap tak pandai kerja. https://t.co/7Q9N34lOEV",0,0,3,6,in,1653016001834000385,1716958673015333252,NilaWati375469,https://twitter.com/NilaWati375469/status/1716958673015333252
Tue Oct 24 23:23:03 +0000 2023,1716958511278760378,"Diketahui, rencananya Prabowo-Gibran akan berangkat dari rumah Prabowo di Kertanegara dan selanjutnya menuju ke Indonesia Arena yang berada di kompleks GBK.  #MostUpdate1058 #MostElectionUpdate1058",0,0,0,0,in,85805755,1716958509089378304,most1058,https://twitter.com/most1058/status/1716958511278760378
Tue Oct 24 23:23:02 +0000 2023,1716958509089378304,"Ditlantas Polda Metro Jaya menyiapkan rekayasa lalu lintas di sekitar kompleks Gelora Bung Karno guna mengantisipasi kemacetan saat proses pendaftaran pasangan Prabowo Subianto-Gibran Rakabuming Raka, Rabu (25/10). https://t.co/ejJjiDkmXk",0,1,0,0,in,85805755,1716958509089378304,most1058,https://twitter.com/most1058/status/1716958509089378304
Tue Oct 24 23:22:51 +0000 2023,1716958461857296577,"Diumumkan Kaesang, PSI Resmi Dukung Prabowo-Gibran di Pilpres 2024 https://t.co/Cvl59lgvg7",0,0,0,0,in,261160000,1716958461857296577,Newstagar,https://twitter.com/Newstagar/status/1716958461857296577
Tue Oct 24 23:22:44 +0000 2023,1716958433352790410,"Jaga Hubungan dengan Seluruh Parpol, Prabowo Lebih Senang Gibran Tetap Jadi Kader PDIP https://t.co/vObYoIWoso",0,6,8,8,in,887743587579944960,1716958433352790410,OposisiCerdas,https://twitter.com/OposisiCerdas/status/1716958433352790410
Tue Oct 24 23:22:05 +0000 2023,1716958268386619796,@TeddGus @prabowo @ganjarpranowo @gibran_tweet Itu artinya dia paham kalau terima tawaran itu bakal jadi petugas partai kyk Ganjar.,0,0,0,0,in,1079585888538058753,1716667760988885320,jumperkid10,https://twitter.com/jumperkid10/status/1716958268386619796
Tue Oct 24 23:21:59 +0000 2023,1716958243019530375,@Gojokaisen86 @info_beragam Berharap yang terbaik untuk paslon pak prabowo dan mas gibran untuk Indonesia emas nanti nya dan bisa benar-benar terwujud,0,0,0,0,in,780718575271055360,1716635631538081977,hddfsysgdcoghu,https://twitter.com/hddfsysgdcoghu/status/1716958243019530375
Tue Oct 24 23:21:15 +0000 2023,1716958059379994998,@Miduk17 Politikus kok urus bursa shm. hari ini selasa idx naik tinggi. Apa artinya pelaku pasar berbalik dukjng prabowo gibran?,0,0,0,0,in,1604386458608865281,1716413607796494610,Jimmi12611,https://twitter.com/Jimmi12611/status/1716958059379994998
Tue Oct 24 23:21:11 +0000 2023,1716958043324485676,@Gojokaisen86 @SudaryonoSudar @prabowo @gibran_tweet Karena kan saat ini masyarakat sudah sangat mengerti calon pemimpin yang dibutuhkan saat ini seperti apa dan pak prabowo tentu saja masuk ke dalam semua kriteria yang ada sebagai seorang pemimpin yang hebat,0,0,0,0,in,780718575271055360,1716756427576848784,hddfsysgdcoghu,https://twitter.com/hddfsysgdcoghu/status/1716958043324485676
Tue Oct 24 23:20:58 +0000 2023,1716957987007574397,"Gibran Jadi Cawapres Prabowo, PDIP Siap-Siap Lakukan Ini https://t.co/kClXDe5Zkw",0,0,0,0,in,847372542830444544,1716957987007574397,cnbcindonesia,https://twitter.com/cnbcindonesia/status/1716957987007574397
Tue Oct 24 23:20:57 +0000 2023,1716957983283028027,@Tita83079013 @gibran_tweet Memangnya pak Prabowo punya isteri?,0,0,0,0,in,2515756261,1716405040179712408,Sigitsoenoto,https://twitter.com/Sigitsoenoto/status/1716957983283028027
Tue Oct 24 23:20:21 +0000 2023,1716957833802236406,"@Gerindra @prabowo @gibran_tweet sebelum jadi presiden dan wakil 2024, tolong min bantu kurangi jumlah pengangguran, p p info lokerü´∂",0,0,0,0,in,1292746276463771648,1716260706981650453,shishisquare,https://twitter.com/shishisquare/status/1716957833802236406
Tue Oct 24 23:20:14 +0000 2023,1716957801526985209,@heelme_d_a @chandra_siap @dwiputro89 @kompascom Lah ya emg bener nanya salah nya dmana?  Di media kan prabowo hanya bilang silakan gibran tetap di partai PDIP. Bukan silakan gibran di calonkan PDIP. Aturan Itu kan tentang tidak boleh di calonkan oleh partai politik lain B ketika sudah di calon partai pokitik A. Wkwk,0,1,0,9,in,1033711140,1716942684173267071,RamdhanAjaa,https://twitter.com/RamdhanAjaa/status/1716957801526985209
Tue Oct 24 23:20:10 +0000 2023,1716957786641408427,Gibran bocorkan rencana pertemuan dengan Prabowo Subianto - ANTARA https://t.co/6hwz4Anc8q #Jokowinomics #MenataMasaDepan #PrabowoPetugasRakyat,0,0,10,0,in,797615281455525888,1716957786641408427,AzzrielAzaryahu,https://twitter.com/AzzrielAzaryahu/status/1716957786641408427
Tue Oct 24 23:20:10 +0000 2023,1716957784460394514,@Gojokaisen86 @info_beragam Pokoknya tetap akan mendukung pak prabowo dan mas gibran dalam pemilu 2024 nanti. Semoga jalannya dipermudah ya pak karena niat bapak adalah ingin mengabdikan hidup bagi negeri ini kedepan,0,0,0,0,in,780718575271055360,1716718671870214443,hddfsysgdcoghu,https://twitter.com/hddfsysgdcoghu/status/1716957784460394514
Tue Oct 24 23:19:52 +0000 2023,1716957711886430662,"@MrVengki @gibran_tweet lu aja bang, gua all in prabowo gibran",0,0,0,0,in,1176486627985612800,1716110586361307599,ajengwidiasmh,https://twitter.com/ajengwidiasmh/status/1716957711886430662
Tue Oct 24 23:19:49 +0000 2023,1716957700201070864,"Yang penting bisa mengontrol emosi, krn begitulah barangkali kodratnya. Prabowo Heran Dibilang Tua dan Gibran Disebut Terlalu Muda: Yang Bener Lo Aja https://t.co/PQKMPfHqLo",0,0,0,0,in,1604411514168803329,1716957700201070864,KadarrusmanIyus,https://twitter.com/KadarrusmanIyus/status/1716957700201070864
Tue Oct 24 23:19:32 +0000 2023,1716957629065699783,@drReUtari08 @prabowo @gibran_tweet @anismatta @AgusYudhoyono @airlangga_hrt @Yusrilihza_Mhd @ZUL_Hasan Selamat konstitusi dari jokowi dan anteknya,0,0,0,0,in,228630746,1716816656083939710,bonkq_rui,https://twitter.com/bonkq_rui/status/1716957629065699783
Tue Oct 24 23:18:52 +0000 2023,1716957461188637147,Alhamdulillah KPU memutuskan Usia Cawapres minimal 40 tahun Batal dan Gagalkan Pasangan Prabowo Gibran Daftar ke KPU MAMPUS kalian,0,0,0,0,in,1552655430773800960,1716957461188637147,agungs4life,https://twitter.com/agungs4life/status/1716957461188637147
Tue Oct 24 23:18:38 +0000 2023,1716957399284900258,"Hari Ini, Prabowo-Gibran Daftar Pilpres 2024 ke KPU https://t.co/WjYmDKjQIa",3,10,2,7,in,71436318,1716957399284900258,KompasTV,https://twitter.com/KompasTV/status/1716957399284900258
Tue Oct 24 23:18:38 +0000 2023,1716957398722863181,"@DokterTifa Herannya, @prabowo @golkar_id @Official_PAN @PDemokrat kok sudah dibutakan kenyataan bahwa @gibran_tweet tidak tampak serius menerima pencawapresan KIM. Dideklarasikan malah nonton bal2an. Mau daftar ke @KPU_ID harus dijemput @zul_hasan pakai private jet. Gimana jadi wapres??",0,0,0,0,in,2800831814,1716951538059628733,raetse,https://twitter.com/raetse/status/1716957398722863181
Tue Oct 24 23:18:36 +0000 2023,1716957390543938036,"Polisi Rekayasa Lalu Lintas saat Prabowo-Gibran Daftar ke KPU, Ini Rutenya https://t.co/g1q8GNoqxO",0,0,0,0,in,944180887171743745,1716957390543938036,inewsdotid,https://twitter.com/inewsdotid/status/1716957390543938036
Tue Oct 24 23:18:34 +0000 2023,1716957384822939744,"Gibran Jadi Bacawapres Prabowo, FX Rudy: Kembalikan KTA PDIP https://t.co/bCU5WmGoo3",2,18,7,47,in,71436318,1716957384822939744,KompasTV,https://twitter.com/KompasTV/status/1716957384822939744
Tue Oct 24 23:18:18 +0000 2023,1716957317646967185,@kompascom Mau gibran dsri partai alam ghaib pun tak mslh yg penting PRABOWO BERKUASA   Dah ejakulasi utk berkuasa..,0,0,0,0,in,563538555,1716942684173267071,Adekke44,https://twitter.com/Adekke44/status/1716957317646967185
Tue Oct 24 23:18:12 +0000 2023,1716957292904743375,@Gojokaisen86 @negativisme Saya sih berharap sekali pak prabowo dan mas gibran bisa menjadi sosok pemimpin yang adil dan bisa mencintai rakyat nya dan juga tanah airnya sendiri. Selalu mengutamakan kepentingan rakyat diatas kepentingan apapun. Semoga saja memang seperti itu,0,0,0,0,in,780718575271055360,1716638527952486735,hddfsysgdcoghu,https://twitter.com/hddfsysgdcoghu/status/1716957292904743375
Tue Oct 24 23:18:12 +0000 2023,1716957292690841834,@hasyimmah @aniesbaswedan @cakimiNOW @ganjarpranowo @mohmahfudmd @prabowo @gibran_tweet Apakah berarti siapa yang folbek yang akan dipilih? üòÄ,0,0,0,0,in,1657959021519994880,1716627584363172196,pikir_santuy,https://twitter.com/pikir_santuy/status/1716957292690841834
Tue Oct 24 23:18:11 +0000 2023,1716957287368282213,@chandra_siap @kompascom kalo Ganjar yg jadi cawapres Prabowo baru ga boleh.. gibran kan ga dicalonin ama PDIP gimana sih om..,0,0,0,5,in,378145154,1716942684173267071,Odoi_doi,https://twitter.com/Odoi_doi/status/1716957287368282213
Tue Oct 24 23:18:09 +0000 2023,1716957280661606730,"Prabowo-Gibran Daftar ke KPU Hari Ini, Diantar Seluruh Ketum KIM - detikNews https://t.co/DMw6DbvQVW #Jokowinomics #MenataMasaDepan #BersamaPrabowo",0,0,5,0,in,617688782,1716957280661606730,Jason20865405,https://twitter.com/Jason20865405/status/1716957280661606730
Tue Oct 24 23:18:05 +0000 2023,1716957262441509142,Jelang Pendaftaran Prabowo-Gibran ke KPU: Berikut Rekayasa Lalu Lintas Sekitar Lokasi - Indo Bali News - IndoBali News https://t.co/m1vsjCJzqH #Jokowinomics #MenataMasaDepan #BersamaPrabowo,0,0,5,0,in,617688782,1716957262441509142,Jason20865405,https://twitter.com/Jason20865405/status/1716957262441509142
Tue Oct 24 23:17:54 +0000 2023,1716957214722912562,"@G0mb4k @KhoirilAnwar_ @prabowo @gibran_tweet @BANGSAygSUJUD @bengkeldodo @99propaganda @alextham878 @AlmaghribiS @Lembayung071 @drReUtari08 @Ndaxwz Mengelola Negara sebesar Indonesia kok Coba !!! Anak muda sangat penting,,,tetapi bila miskin Pengalaman dan Kemampuan, jadi apa Negri ini ???""",0,1,0,0,in,1441276344273301508,1716648150843490613,Ahoong19,https://twitter.com/Ahoong19/status/1716957214722912562
Tue Oct 24 23:17:53 +0000 2023,1716957211954704842,Ngikut skrg gibran sama prabowo ikut templete populiss,0,0,0,0,in,706060973392564224,1716957059051372596,secel01,https://twitter.com/secel01/status/1716957211954704842
Tue Oct 24 23:17:03 +0000 2023,1716957002122002458,Roundup: Jokowi Izinkan Gibran Rakabuming Maju Jadi Cawapres Prabowo https://t.co/JhpJJhYpeH,0,0,0,1,in,58880688,1716957002122002458,pikiran_rakyat,https://twitter.com/pikiran_rakyat/status/1716957002122002458
Tue Oct 24 23:17:02 +0000 2023,1716956997462188529,"@Kopirobusta9 Abunawas politik bermunculan  di saat pelaksanaan pemilu. Yuzril ,yang sering mengkritik kasus Gibran menabrak konstitusi ikut  Cawapres Prabowo .",0,0,0,1,in,1509700424018063369,1716901107455389823,MocangTian,https://twitter.com/MocangTian/status/1716956997462188529
Tue Oct 24 23:16:16 +0000 2023,1716956803978920406,"Personal opinion: Ada kemungjinan.. kenapa Jokowi support Gibran dgn Prabowo? Karna 1 Visi Misi. Selama ini terlihat spt di setir sm si nenek dan tau keburukan banteng, mungkin skrg waktunya untuk perbaikan dan melanjutkan apa yg sudah di bangun dgn Prabowo lewat Gibran.",0,0,0,0,in,973890647567446016,1716956803978920406,salsabilarafira,https://twitter.com/salsabilarafira/status/1716956803978920406
Tue Oct 24 23:16:11 +0000 2023,1716956784542572961,Berpolitik itu tidak boleh kaku. Dibawa santuy dan santun. PSI resmi dukung Prabowo-Gibran di pilpres 2024.   Selamat dan semangat menang.  #GibranCawapres https://t.co/wmeKJQuhT6,0,0,0,2,in,808331288386138112,1716956784542572961,idrisbue,https://twitter.com/idrisbue/status/1716956784542572961
Tue Oct 24 23:15:51 +0000 2023,1716956698773225569,"Keseruan di acara Konser Pilpres Santuy ‚ÄúOjo Rungkad‚Äù PSI tadi, Alhamdulillah semakin bertambah gerbong dukungan untuk Pak @prabowo &amp  mas @gibran_tweet untuk menjadi capres dan cawapres 2024! üî•  #PrabowoPresidenGerindraMenang #HabiburokhmanDPRRI https://t.co/XAeaZvdV7v",0,3,3,17,in,70412517,1716956698773225569,habiburokhman,https://twitter.com/habiburokhman/status/1716956698773225569
Tue Oct 24 23:15:37 +0000 2023,1716956640350716017,"Prabowo-Gibran Daftar ke KPU Hari Ini, Diantar Seluruh Ketum KIM - detikNews https://t.co/sD1A2pFGsD #Jokowinomics #MenataMasaDepan #BersamaPrabowo",0,0,5,0,in,4756014072,1716956640350716017,cuteysi,https://twitter.com/cuteysi/status/1716956640350716017
Tue Oct 24 23:15:35 +0000 2023,1716956633333710923,Jelang Pendaftaran Prabowo-Gibran ke KPU: Berikut Rekayasa Lalu Lintas Sekitar Lokasi - Indo Bali News - IndoBali News https://t.co/77YBCkNKlT #Jokowinomics #MenataMasaDepan #BersamaPrabowo,0,0,5,0,in,4756014072,1716956633333710923,cuteysi,https://twitter.com/cuteysi/status/1716956633333710923
Tue Oct 24 23:15:26 +0000 2023,1716956595794616732,#Semogasecepatnya_MenjemputTakdir @prabowo @gibran_tweet @jokowi https://t.co/MZjbVR4BRD,0,0,0,0,qme,2214855259,1716956595794616732,BenjaminBanglor,https://twitter.com/BenjaminBanglor/status/1716956595794616732
Tue Oct 24 23:14:51 +0000 2023,1716956447282549206,PSI mendeklarasikan dukungan untuk bakal capres-cawapres Prabowo Subianto-Gibran Rakabuming Raka di Pilpres 2024. #Polhuk #AdadiKompas   https://t.co/apy2jXacft,0,0,0,0,in,771030588,1716956447282549206,KompasData,https://twitter.com/KompasData/status/1716956447282549206
Tue Oct 24 23:14:28 +0000 2023,1716956353133224196,@Putri96960977 Bagus KPU Gagalkan. Pasangan Prabowo Gibran sebagai Capres Cawapres 2024,0,0,0,0,in,1552655430773800960,1716111575847993616,agungs4life,https://twitter.com/agungs4life/status/1716956353133224196
Tue Oct 24 23:14:16 +0000 2023,1716956300880593305,"stay up demi deklarasi prabowo-cipung eh ( mas gibran ) ,i love you pak wowo yakin beliau bisa tumpas opm di papua https://t.co/tRvwV94iwz",0,0,0,0,in,1243005805273575425,1716956300880593305,gogonuts1107,https://twitter.com/gogonuts1107/status/1716956300880593305
Tue Oct 24 23:14:04 +0000 2023,1716956252083986590,"@alisyarief Prabowo Gibran , Ganjar Mpud ad org yg sama, adapun intrik diluar hanyalah pemanis belaka ut mengaburkan permufakatan . https://t.co/6NjibSx3eQ",0,0,0,9,in,1605571349678026753,1716939304931586056,SyairHak,https://twitter.com/SyairHak/status/1716956252083986590
Tue Oct 24 23:13:54 +0000 2023,1716956209612574886,@Tita83079013 @gibran_tweet Lah istrinya Prabowo busana nya seperti apa ? ü§îüòÄ koq dr Gibran ke Ganjar sama Anies ? Gibran kan hanya CAWAPRES  ga Apple to apple,0,4,4,30,in,1270767175825936384,1716405040179712408,TheLadyJoker,https://twitter.com/TheLadyJoker/status/1716956209612574886
Tue Oct 24 23:13:52 +0000 2023,1716956200720613794,@gustavin_baidur @genx36545403 @prabowo @gibran_tweet @bengkeldodo @Lembayung071 @Ndons_Back @Kimberley_2024 @BANGSAygSUJUD @Minietweets_ @Ndaxwz @are_inismyname @Alie_Fahnoor Klian setongkol yak ? kok namanya sama üòÇ,0,1,0,1,in,1637887021355237376,1716820858721955990,SediaKadaharan,https://twitter.com/SediaKadaharan/status/1716956200720613794
Tue Oct 24 23:13:50 +0000 2023,1716956192239649156,"@Metro_TV @prabowo @PDI_Perjuangan @gibran_tweet Mau disanksi juga nggak ngefek. Yg jelas efeknya, kandang banteng akan  jadi milik Prabowo - Gibran.",0,0,0,0,in,1677275229637480448,1716738862343676271,NicoAkuba66992,https://twitter.com/NicoAkuba66992/status/1716956192239649156
Tue Oct 24 23:13:46 +0000 2023,1716956174833303945,"@kompascom Omong kosong, sebenarnya mereka main 2 kaki, 1 di ganjar 1 di gibran. sekalipun ganjar kalah &amp  Prabowo menang, mereka akan kembali bersalaman &amp  memegang kekuasaan",0,0,0,0,in,1511623499022233608,1716740957612466342,AJkampft,https://twitter.com/AJkampft/status/1716956174833303945
Tue Oct 24 23:13:08 +0000 2023,1716956016120857080,"Prabowo-Gibran Daftar ke KPU, Simak Pengalihan Arus Lalu Lintasnya https://t.co/b1gkc0nSUZ #TempoMetro",1,5,0,5,in,18129942,1716956016120857080,tempodotco,https://twitter.com/tempodotco/status/1716956016120857080
Tue Oct 24 23:13:04 +0000 2023,1716955999104589850,Hubungan Jokowi &amp  Megawati usai Gibran Resmi Jadi Wakil Prabowo https://t.co/RjRgp5rq6H,1,1,0,2,in,4187275698,1716955999104589850,TirtoID,https://twitter.com/TirtoID/status/1716955999104589850
Tue Oct 24 23:12:51 +0000 2023,1716955943475515418,@Candra4smara Pd banget dia sama prabowo n gibran walaupun nabrak aturan dan konstitusi.,0,0,0,0,in,2606542610,1716703247359226023,GSiwalette,https://twitter.com/GSiwalette/status/1716955943475515418
Tue Oct 24 23:12:29 +0000 2023,1716955852207448339,utk pendukung Prabowo-Gibran Tunjukan dirimu sekarang..! -yok saling follbacküí™  Mentan liga champion #SayaKecewa,0,0,0,1,in,951672831963676672,1716955852207448339,irawan_nadiaa,https://twitter.com/irawan_nadiaa/status/1716955852207448339
Tue Oct 24 23:12:19 +0000 2023,1716955809060638786,@OliviaCath1540 @prabowo @gibran_tweet Akarnya kan SKB 2 Menteri ttg Pembangunan Rumah Ibadah &amp  SKB ini kl ga dicabut ya terus berulang-ulang kasusnya. Kt lihat apakah duet Prabowo-Gibran berani mencabut SKB ini jk terpilih??,0,0,0,0,in,1138963591,1716773955766550997,checkpoint1945,https://twitter.com/checkpoint1945/status/1716955809060638786
Tue Oct 24 23:12:10 +0000 2023,1716955774512255043,"@AgusYudhoyono @prabowo @gibran_tweet Politik itu membenarkan yang salah,menyalahkan yang benar,politik itu jahat,politik itu membuat rakyat susah,politik itu sumber kekayaan dengan kekuasaan, Politik itu membuat sebagian manusia menjadi buta otak,politik itu...politik itu... Au ah gelap...",0,0,0,0,in,911455819882946564,1716305800397000801,HaneutM,https://twitter.com/HaneutM/status/1716955774512255043
Tue Oct 24 23:12:08 +0000 2023,1716955765259583689,Rekayasa lalu lintas sudah disiapkan saat pendaftaran capres dan cawapres Prabowo Subianto dan Gibran Rakabuming ke Kantor Komisi Pemilihan Umum (KPU)... https://t.co/ZSiuRmfnEk,0,0,0,0,in,46693036,1716955765259583689,inilahdotcom,https://twitter.com/inilahdotcom/status/1716955765259583689
Tue Oct 24 23:11:57 +0000 2023,1716955717960442149,"Media Asing Sorot Mengapa Prabowo Pilih Gibran, Sebut Ini https://t.co/TR1MffX0sa",0,1,0,0,in,847372542830444544,1716955717960442149,cnbcindonesia,https://twitter.com/cnbcindonesia/status/1716955717960442149
Tue Oct 24 23:11:53 +0000 2023,1716955701413842982,@PDemokrat @prabowo @gibran_tweet Amin...semoga sukses,0,0,0,0,in,913949799581286402,1716398615411970517,Arifinarsitek93,https://twitter.com/Arifinarsitek93/status/1716955701413842982
Tue Oct 24 23:11:20 +0000 2023,1716955563542847742,Prabowo-Gibran Daftar ke KPU Rabu 25 Oktober 2023 Pukul 10.00 WIB https://t.co/sBB98R8pfW,0,0,0,0,in,1515525370870898695,1716955563542847742,suster_slot,https://twitter.com/suster_slot/status/1716955563542847742
Tue Oct 24 23:11:15 +0000 2023,1716955542751719851,@Gojokaisen86 @Gerindra Saya yakin... Setiap niat baik yang diucapkan akan menjadi sebuah kekuatan agar bisa melangkah lebih mudah kedepan dalam menjalankan kontes politik nanti. Doa yang terbaik untuk pak prabowo dan mas gibran,0,0,0,0,in,983772276222029825,1716806081828278302,ruyasagit900,https://twitter.com/ruyasagit900/status/1716955542751719851
Tue Oct 24 23:10:56 +0000 2023,1716955462195929513,"@PDemokrat @prabowo @gibran_tweet Kesian kesian kesian , makna turun gunung ,  terbukti makin turun .. bagai longsor , hanyut terbawa air",0,0,0,0,in,1448081543134597120,1716398615411970517,adamfarassy,https://twitter.com/adamfarassy/status/1716955462195929513
Tue Oct 24 23:10:24 +0000 2023,1716955328624074902,Terpantau bakal macet pag ini krn ada deklarasi prabowo-gibran dan bakal dftr ke kpu,0,0,0,1,in,1328661956459315200,1716955328624074902,hotgreentea__,https://twitter.com/hotgreentea__/status/1716955328624074902
Tue Oct 24 23:10:22 +0000 2023,1716955320629821757,"@Tita83079013 Tunjuki juga istri prabowo dong... Jangan istri gibran sj... Msk plesiden RI duda , tua pikun lagi...üòÅ",0,0,0,0,in,1399870426415730688,1716655168476024853,sugimanto_w,https://twitter.com/sugimanto_w/status/1716955320629821757
Tue Oct 24 23:10:08 +0000 2023,1716955260978356474,@Gojokaisen86 @info_beragam Saya rasa masyarakat Indonesia juga sudah mengerti siapa calon pemimpin masa depan yang diinginkan. Semoga pak prabowo dan mas gibran bisa benar benar memenuhi ekspektasi masyarakat dalam memilih seorang pemimpin yang tepat,0,0,0,0,in,983772276222029825,1716635631538081977,ruyasagit900,https://twitter.com/ruyasagit900/status/1716955260978356474
Tue Oct 24 23:10:07 +0000 2023,1716955256607719824,PSI mendeklarasikan dukungan untuk bakal capres-cawapres Prabowo Subianto-Gibran Rakabuming Raka di Pilpres 2024. #Polhuk #AdadiKompas   https://t.co/wwHACz66xR,0,0,0,2,in,255866913,1716955256607719824,hariankompas,https://twitter.com/hariankompas/status/1716955256607719824
Tue Oct 24 23:09:37 +0000 2023,1716955132649435162,"@SuperBEDJO12 @Gerindra @prabowo @gibran_tweet Masa lalu biarlah masa lalu ,masa kini mari bersatu untuk Indonesia",0,3,0,1,in,1227499861580251136,1716945623776403648,Lembayung071,https://twitter.com/Lembayung071/status/1716955132649435162
Tue Oct 24 23:09:35 +0000 2023,1716955123682086962,Prabowo Akui Tak Tahu Status Gibran di PDIP https://t.co/hl6KgKyetm,7,30,10,24,in,41730943,1716955123682086962,VIVAcoid,https://twitter.com/VIVAcoid/status/1716955123682086962
Tue Oct 24 23:09:13 +0000 2023,1716955030190989680,@Gojokaisen86 @SudaryonoSudar @prabowo @gibran_tweet Karena masyarakat tau kok siapa calon pemimpin yang benar-benar tulus untuk Indonesia kedepan. Maka dari itu hasil survei dari pak prabowo selalu menjadi yang tertinggi,0,0,0,0,in,983772276222029825,1716756427576848784,ruyasagit900,https://twitter.com/ruyasagit900/status/1716955030190989680
Tue Oct 24 23:08:41 +0000 2023,1716954897051251182,@AgusYudhoyono @prabowo @gibran_tweet https://t.co/yVRgffeAFD,0,0,0,0,qme,1125731636316758023,1716305800397000801,Winarso1012,https://twitter.com/Winarso1012/status/1716954897051251182
Tue Oct 24 23:08:38 +0000 2023,1716954883755258170,@niagantara @Gerindra @prabowo @gibran_tweet Amin,0,0,0,1,en,1227499861580251136,1716945623776403648,Lembayung071,https://twitter.com/Lembayung071/status/1716954883755258170
Tue Oct 24 23:08:31 +0000 2023,1716954853480833070,@NKhayat03 @Gerindra @prabowo @gibran_tweet Pagi..amin,0,0,0,1,in,1227499861580251136,1716945623776403648,Lembayung071,https://twitter.com/Lembayung071/status/1716954853480833070
Tue Oct 24 23:08:27 +0000 2023,1716954838821728534,"@msaid_didu Gibran itu ‚Äúsiapa‚Äù sih? Kok sampai bikin hattrick sedemikian rupa, hingga seorang Airlangga Hartato, Yusril Ihza Mahendra, Zulkifli Hasan hingga Pak SBY tidak ‚Äúberdaya‚Äù. Dan lucunya, Gibran bikin goal dari luar lapangan ( PDI-P ) Prabowo-Gibran Bu Mega Capres Golkar Ganjar-Mahfud",0,0,0,0,in,271518094,1716804224523346431,percetakanku,https://twitter.com/percetakanku/status/1716954838821728534
Tue Oct 24 23:08:22 +0000 2023,1716954818756087996,@Gojokaisen86 @info_beragam Saya sih berharap nya ke arah program kerja yang akan dibuat oleh pak prabowo dan mas gibran nanti nya agar Indonesia kedepan bisa lebih maju lagi dibandingkan saat ini dan tentu saja program kerja nya bisa lebih pro rakyat,0,0,0,0,in,983772276222029825,1716718671870214443,ruyasagit900,https://twitter.com/ruyasagit900/status/1716954818756087996
Tue Oct 24 23:08:09 +0000 2023,1716954761680003539,Prabowo dan Gibran sudah mendapat izin cuti dari instansinya masing-masing untuk mendaftar Pilpres 2024. https://t.co/qfLnS6rKnG,0,0,0,3,in,23343960,1716954761680003539,kompascom,https://twitter.com/kompascom/status/1716954761680003539
Tue Oct 24 23:08:06 +0000 2023,1716954749625622677,PDI-P ditengarai sengaja tidak menyampaikan dengan jelas status Gibran yang diusung menjadi bakal cawapres Prabowo demi keuntungan politik. https://t.co/9rPZAXXpMF,18,70,32,94,in,23343960,1716954749625622677,kompascom,https://twitter.com/kompascom/status/1716954749625622677
Tue Oct 24 23:07:55 +0000 2023,1716954704838840539,@lovhiu @lhempeng @jalanparis @neohistoria_id Ya sdh klo kau benci gibran dan ingin prabowo mati cepat ga usah pilih prabowo..pilih pilihanmu saja krn saya all in pilih #prabowoGibran2024,0,0,0,0,in,942079081134174208,1716625184269156571,Robert32Arthur,https://twitter.com/Robert32Arthur/status/1716954704838840539
Tue Oct 24 23:07:47 +0000 2023,1716954668692287765,@OposisiCerdas Pamit mau fokus sukses kan Prabowo dan Gibran,0,0,0,0,in,1029894911858884609,1716766198241923520,SyahrirArie,https://twitter.com/SyahrirArie/status/1716954668692287765
Tue Oct 24 23:07:36 +0000 2023,1716954625772069176,@Lembayung071 @Gerindra @prabowo @gibran_tweet Siap kasih kejutan 2xü§£ü§ü https://t.co/zfkrmEAhFr,0,1,0,0,in,1413307737442721792,1716945623776403648,SuperBEDJO12,https://twitter.com/SuperBEDJO12/status/1716954625772069176
Tue Oct 24 23:07:23 +0000 2023,1716954571438973115,@Gerindra @jokowi @PartaiGolkar  @gibran_tweet  @prabowo  Komen donk awokawokawok üòÇ,0,0,0,0,pl,1860445802,1716954571438973115,Simbah_merapi,https://twitter.com/Simbah_merapi/status/1716954571438973115
Tue Oct 24 23:06:55 +0000 2023,1716954450592702647,"Hari ini, pak @prabowo dan @gibran_tweet akan mendaftar ke KPU sebagai capres dan cawapres. Selamat ya @PDI_Perjuangan. Pilpres kali ini dapat Capres pak @ganjarpranowo dan Cawapres Gibran :)",0,0,0,0,in,106312179,1716954450592702647,imandnugroho,https://twitter.com/imandnugroho/status/1716954450592702647
Tue Oct 24 23:06:38 +0000 2023,1716954380019405057,@Gojokaisen86 @negativisme Saya berharap keputusan yang diambil pak prabowo dalam memilih mas gibran dalam pilpres nanti bisa benar-benar membawa kemenangan untuk pak prabowo dalam pemilu nanti agar pengabdian yang diharapkan bisa terwujud,0,0,0,0,in,983772276222029825,1716638527952486735,ruyasagit900,https://twitter.com/ruyasagit900/status/1716954380019405057
Tue Oct 24 23:06:22 +0000 2023,1716954314550505848,@anisfauzan1 @prabowo @gibran_tweet MantaPD om,0,0,0,0,in,1562372719693676546,1716952962558541885,David68159347,https://twitter.com/David68159347/status/1716954314550505848
Tue Oct 24 23:06:13 +0000 2023,1716954274834588073,"Jaga Hubungan dengan Seluruh Parpol, Prabowo Lebih Senang Gibran Tetap Jadi Kader PDIP https://t.co/tlRJiYCnHl",0,0,0,0,in,261160000,1716954274834588073,Newstagar,https://twitter.com/Newstagar/status/1716954274834588073
Tue Oct 24 23:06:01 +0000 2023,1716954224641413447,@CNNIndonesia Istana suda jadi posko pemenangan Prabowo gibran (cuma milik Prabowo dan gibran)bukan istana rakyat,0,0,0,0,in,1636242306801205248,1716791568567505182,GusUphy,https://twitter.com/GusUphy/status/1716954224641413447
Tue Oct 24 23:05:52 +0000 2023,1716954186460586155,@Gerindra WKWKWKW,0,0,0,0,in,1258411680754589697,1716443414047465699,sauki084,https://twitter.com/sauki084/status/1716954186460586155
Tue Oct 24 23:05:37 +0000 2023,1716954125035098502,"@TeddGus @prabowo @ganjarpranowo @gibran_tweet Jgn lupa puter balik ya, begonya udh kelewatan",0,0,0,0,in,1514557784465244160,1716667760988885320,AnantaPrasety10,https://twitter.com/AnantaPrasety10/status/1716954125035098502
Tue Oct 24 23:05:37 +0000 2023,1716954123571241449,@TeddGus @prabowo @ganjarpranowo @gibran_tweet https://t.co/NsbZtIeqNM,0,0,0,0,qme,80528370,1716667760988885320,loningkito,https://twitter.com/loningkito/status/1716954123571241449
Tue Oct 24 23:05:05 +0000 2023,1716953990414618969,"Prabowo-Gibran Daftar ke KPU Pagi Ini, Simak Rute Pengalihan Arus Lalu Lintas https://t.co/sGflL03J0q",0,0,0,1,in,903229236051247104,1716953990414618969,eradotid,https://twitter.com/eradotid/status/1716953990414618969
Tue Oct 24 23:04:54 +0000 2023,1716953946496065717,@Mahesa_Aditya_ @prabowo @gibran_tweet @anismatta @AgusYudhoyono @airlangga_hrt @Yusrilihza_Mhd @ZUL_Hasan Keren ya üíöüß°‚ù§Ô∏èüíôü§çüíõ‚ô•Ô∏è,0,0,0,0,in,1695192728173187072,1716816656083939710,drReUtari08,https://twitter.com/drReUtari08/status/1716953946496065717
Tue Oct 24 23:04:17 +0000 2023,1716953788907696197,"Tuduhan takut berkompetisi sangat tidak berdasar. Jika takut tentunya gak berani nyapres.  Yang jelas itu,  @prabowo jagoan @TeddGus  TAKUT KALAH ke tiga kalinya.  Padahal, gak jaminan menang meskipun cawapresnya Gibran, karena kita kawatir dg negeri ini, Gibran masih ingusan.",0,0,0,1,in,122927706,1716953788907696197,sahid4h,https://twitter.com/sahid4h/status/1716953788907696197
Tue Oct 24 23:03:24 +0000 2023,1716953565057757268,"Yang bisa merasakan kebutuhan Anak Muda, Gen Z,  Milenials dan menjawab tantangan Masa Depan ya Mas Gibran @gibran_tweet   PRABOWO PRESIDEN, GERINDRA MENANG.  #AndreRosiade #Gerindra https://t.co/mpvWbRZsiT",4,76,8,31,in,190679407,1716953565057757268,andre_rosiade,https://twitter.com/andre_rosiade/status/1716953565057757268
Tue Oct 24 23:03:06 +0000 2023,1716953492399837484,"Prabowo-Gibran Bergabung, Pengamat Politik: Dukungan Politik Jokowi dan Keluarga kepada Prabowo https://t.co/WG25MdgKt3",1,1,2,3,in,55507370,1716953492399837484,tvOneNews,https://twitter.com/tvOneNews/status/1716953492399837484
Tue Oct 24 23:03:06 +0000 2023,1716953490415841544,Prabowo dan Gibran Rakabuming Daftar ke KPU Hari Ini 25 Oktober 2023 https://t.co/n8nqihDYhS,0,0,0,0,in,58880688,1716953490415841544,pikiran_rakyat,https://twitter.com/pikiran_rakyat/status/1716953490415841544
Tue Oct 24 23:02:50 +0000 2023,1716953424720539902,@detikcom Ditunggu pak prabowo dan mas gibran semua program kerja yang akan disampaikan nanti untuk 5 tahun kedepan,0,5,0,6,in,2388963246,1716797004280709354,Gojokaisen86,https://twitter.com/Gojokaisen86/status/1716953424720539902
Tue Oct 24 23:02:49 +0000 2023,1716953419943133684,@Nicho_Silalahi Prabowo - Gibran menang dijamin rumah sakit penuh orang setroke dan setress,0,0,0,0,in,3259056606,1716580616710533356,sayhidayat3,https://twitter.com/sayhidayat3/status/1716953419943133684
Tue Oct 24 23:02:40 +0000 2023,1716953380999123039,"@BANGSAygSUJUD @prabowo @gibran @alextham878 @Lembayung071 @Ndaxwz @Minietweets_ @mpoklela7 @bengkeldodo @Kimberley_2024 @Chaves1305 @are_inismyname @genx36545403 Elektabilitas nya melesat dan juga meroket sampai akhirnya gak pernah tahu kepastiannya, persis seperti pertumbuhan ekonomi RI yg dibilang meroket tapi entah kemana dan dirasakan oleh siapa nya üòìüòì",0,0,0,0,in,1578591521590640641,1716706277362110479,GerradZacky,https://twitter.com/GerradZacky/status/1716953380999123039
Tue Oct 24 23:01:52 +0000 2023,1716953179269853246,@OliviaCath1540 @prabowo @gibran_tweet gak usah ngajak2 semua punya pilihan masing2 biarlah rakyat memilih sendiri.,0,0,0,0,in,1968440934,1716773955766550997,SesarSadewa,https://twitter.com/SesarSadewa/status/1716953179269853246
